{
  "fio version" : "fio-3.33",
  "timestamp" : 1747517159,
  "timestamp_ms" : 1747517159591,
  "time" : "Sat May 17 23:25:59 2025",
  "jobs" : [
    {
      "jobname" : "randread_32k_run5",
      "groupid" : 0,
      "error" : 0,
      "eta" : 2147483647,
      "elapsed" : 2,
      "job options" : {
        "name" : "randread_32k_run5",
        "rw" : "randread",
        "bs" : "32k",
        "size" : "32m",
        "numjobs" : "3",
        "directory" : "/mnt/juicefs",
        "group_reporting" : "1"
      },
      "read" : {
        "io_bytes" : 100663296,
        "io_kbytes" : 98304,
        "bw_bytes" : 98496375,
        "bw" : 96187,
        "iops" : 3005.870841,
        "runtime" : 1022,
        "total_ios" : 3072,
        "short_ios" : 0,
        "drop_ios" : 0,
        "slat_ns" : {
          "min" : 0,
          "max" : 0,
          "mean" : 0.000000,
          "stddev" : 0.000000,
          "N" : 0
        },
        "clat_ns" : {
          "min" : 31009,
          "max" : 139760898,
          "mean" : 965220.066406,
          "stddev" : 5040595.302310,
          "N" : 3072,
          "percentile" : {
            "1.000000" : 35584,
            "5.000000" : 55040,
            "10.000000" : 64768,
            "20.000000" : 82432,
            "30.000000" : 101888,
            "40.000000" : 125440,
            "50.000000" : 160768,
            "60.000000" : 246784,
            "70.000000" : 536576,
            "80.000000" : 987136,
            "90.000000" : 1875968,
            "95.000000" : 3096576,
            "99.000000" : 9109504,
            "99.500000" : 13303808,
            "99.900000" : 93847552,
            "99.950000" : 128450560,
            "99.990000" : 139460608
          }
        },
        "lat_ns" : {
          "min" : 31069,
          "max" : 139761299,
          "mean" : 965405.138346,
          "stddev" : 5040610.089451,
          "N" : 3072
        },
        "bw_min" : 48095,
        "bw_max" : 87210,
        "bw_agg" : 70.333196,
        "bw_mean" : 67652.500000,
        "bw_dev" : 15968.631881,
        "bw_samples" : 4,
        "iops_min" : 1501,
        "iops_max" : 2723,
        "iops_mean" : 2112.000000,
        "iops_stddev" : 498.879411,
        "iops_samples" : 4
      },
      "write" : {
        "io_bytes" : 0,
        "io_kbytes" : 0,
        "bw_bytes" : 0,
        "bw" : 0,
        "iops" : 0.000000,
        "runtime" : 0,
        "total_ios" : 0,
        "short_ios" : 0,
        "drop_ios" : 0,
        "slat_ns" : {
          "min" : 0,
          "max" : 0,
          "mean" : 0.000000,
          "stddev" : 0.000000,
          "N" : 0
        },
        "clat_ns" : {
          "min" : 0,
          "max" : 0,
          "mean" : 0.000000,
          "stddev" : 0.000000,
          "N" : 0
        },
        "lat_ns" : {
          "min" : 0,
          "max" : 0,
          "mean" : 0.000000,
          "stddev" : 0.000000,
          "N" : 0
        },
        "bw_min" : 0,
        "bw_max" : 0,
        "bw_agg" : 0.000000,
        "bw_mean" : 0.000000,
        "bw_dev" : 0.000000,
        "bw_samples" : 0,
        "iops_min" : 0,
        "iops_max" : 0,
        "iops_mean" : 0.000000,
        "iops_stddev" : 0.000000,
        "iops_samples" : 0
      },
      "trim" : {
        "io_bytes" : 0,
        "io_kbytes" : 0,
        "bw_bytes" : 0,
        "bw" : 0,
        "iops" : 0.000000,
        "runtime" : 0,
        "total_ios" : 0,
        "short_ios" : 0,
        "drop_ios" : 0,
        "slat_ns" : {
          "min" : 0,
          "max" : 0,
          "mean" : 0.000000,
          "stddev" : 0.000000,
          "N" : 0
        },
        "clat_ns" : {
          "min" : 0,
          "max" : 0,
          "mean" : 0.000000,
          "stddev" : 0.000000,
          "N" : 0
        },
        "lat_ns" : {
          "min" : 0,
          "max" : 0,
          "mean" : 0.000000,
          "stddev" : 0.000000,
          "N" : 0
        },
        "bw_min" : 0,
        "bw_max" : 0,
        "bw_agg" : 0.000000,
        "bw_mean" : 0.000000,
        "bw_dev" : 0.000000,
        "bw_samples" : 0,
        "iops_min" : 0,
        "iops_max" : 0,
        "iops_mean" : 0.000000,
        "iops_stddev" : 0.000000,
        "iops_samples" : 0
      },
      "sync" : {
        "total_ios" : 0,
        "lat_ns" : {
          "min" : 0,
          "max" : 0,
          "mean" : 0.000000,
          "stddev" : 0.000000,
          "N" : 0
        }
      },
      "job_runtime" : 2973,
      "usr_cpu" : 0.134544,
      "sys_cpu" : 4.507232,
      "ctx" : 3178,
      "majf" : 0,
      "minf" : 49,
      "iodepth_level" : {
        "1" : 100.000000,
        "2" : 0.000000,
        "4" : 0.000000,
        "8" : 0.000000,
        "16" : 0.000000,
        "32" : 0.000000,
        ">=64" : 0.000000
      },
      "iodepth_submit" : {
        "0" : 0.000000,
        "4" : 100.000000,
        "8" : 0.000000,
        "16" : 0.000000,
        "32" : 0.000000,
        "64" : 0.000000,
        ">=64" : 0.000000
      },
      "iodepth_complete" : {
        "0" : 0.000000,
        "4" : 100.000000,
        "8" : 0.000000,
        "16" : 0.000000,
        "32" : 0.000000,
        "64" : 0.000000,
        ">=64" : 0.000000
      },
      "latency_ns" : {
        "2" : 0.000000,
        "4" : 0.000000,
        "10" : 0.000000,
        "20" : 0.000000,
        "50" : 0.000000,
        "100" : 0.000000,
        "250" : 0.000000,
        "500" : 0.000000,
        "750" : 0.000000,
        "1000" : 0.000000
      },
      "latency_us" : {
        "2" : 0.000000,
        "4" : 0.000000,
        "10" : 0.000000,
        "20" : 0.000000,
        "50" : 4.003906,
        "100" : 24.804688,
        "250" : 31.477865,
        "500" : 8.821615,
        "750" : 5.859375,
        "1000" : 5.143229
      },
      "latency_ms" : {
        "2" : 10.384115,
        "4" : 5.436198,
        "10" : 3.125000,
        "20" : 0.651042,
        "50" : 0.097656,
        "100" : 0.097656,
        "250" : 0.097656,
        "500" : 0.000000,
        "750" : 0.000000,
        "1000" : 0.000000,
        "2000" : 0.000000,
        ">=2000" : 0.000000
      },
      "latency_depth" : 1,
      "latency_target" : 0,
      "latency_percentile" : 100.000000,
      "latency_window" : 0
    }
  ]
}
