{
  "fio version" : "fio-3.33",
  "timestamp" : 1747517171,
  "timestamp_ms" : 1747517171317,
  "time" : "Sat May 17 23:26:11 2025",
  "jobs" : [
    {
      "jobname" : "randread_32k_run9",
      "groupid" : 0,
      "error" : 0,
      "eta" : 2147483647,
      "elapsed" : 2,
      "job options" : {
        "name" : "randread_32k_run9",
        "rw" : "randread",
        "bs" : "32k",
        "size" : "32m",
        "numjobs" : "3",
        "directory" : "/mnt/juicefs",
        "group_reporting" : "1"
      },
      "read" : {
        "io_bytes" : 100663296,
        "io_kbytes" : 98304,
        "bw_bytes" : 112097211,
        "bw" : 109469,
        "iops" : 3420.935412,
        "runtime" : 898,
        "total_ios" : 3072,
        "short_ios" : 0,
        "drop_ios" : 0,
        "slat_ns" : {
          "min" : 0,
          "max" : 0,
          "mean" : 0.000000,
          "stddev" : 0.000000,
          "N" : 0
        },
        "clat_ns" : {
          "min" : 30027,
          "max" : 270883181,
          "mean" : 815202.576823,
          "stddev" : 6339988.523625,
          "N" : 3072,
          "percentile" : {
            "1.000000" : 37632,
            "5.000000" : 54016,
            "10.000000" : 64768,
            "20.000000" : 82432,
            "30.000000" : 101888,
            "40.000000" : 125440,
            "50.000000" : 154624,
            "60.000000" : 222208,
            "70.000000" : 428032,
            "80.000000" : 864256,
            "90.000000" : 1531904,
            "95.000000" : 2473984,
            "99.000000" : 4751360,
            "99.500000" : 7962624,
            "99.900000" : 73924608,
            "99.950000" : 147849216,
            "99.990000" : 270532608
          }
        },
        "lat_ns" : {
          "min" : 30097,
          "max" : 270883682,
          "mean" : 815395.812500,
          "stddev" : 6340015.373488,
          "N" : 3072
        },
        "bw_min" : 64320,
        "bw_max" : 64320,
        "bw_agg" : 58.755860,
        "bw_mean" : 64320.000000,
        "bw_dev" : 0.000000,
        "bw_samples" : 3,
        "iops_min" : 2010,
        "iops_max" : 2010,
        "iops_mean" : 2010.000000,
        "iops_stddev" : 0.000000,
        "iops_samples" : 3
      },
      "write" : {
        "io_bytes" : 0,
        "io_kbytes" : 0,
        "bw_bytes" : 0,
        "bw" : 0,
        "iops" : 0.000000,
        "runtime" : 0,
        "total_ios" : 0,
        "short_ios" : 0,
        "drop_ios" : 0,
        "slat_ns" : {
          "min" : 0,
          "max" : 0,
          "mean" : 0.000000,
          "stddev" : 0.000000,
          "N" : 0
        },
        "clat_ns" : {
          "min" : 0,
          "max" : 0,
          "mean" : 0.000000,
          "stddev" : 0.000000,
          "N" : 0
        },
        "lat_ns" : {
          "min" : 0,
          "max" : 0,
          "mean" : 0.000000,
          "stddev" : 0.000000,
          "N" : 0
        },
        "bw_min" : 0,
        "bw_max" : 0,
        "bw_agg" : 0.000000,
        "bw_mean" : 0.000000,
        "bw_dev" : 0.000000,
        "bw_samples" : 0,
        "iops_min" : 0,
        "iops_max" : 0,
        "iops_mean" : 0.000000,
        "iops_stddev" : 0.000000,
        "iops_samples" : 0
      },
      "trim" : {
        "io_bytes" : 0,
        "io_kbytes" : 0,
        "bw_bytes" : 0,
        "bw" : 0,
        "iops" : 0.000000,
        "runtime" : 0,
        "total_ios" : 0,
        "short_ios" : 0,
        "drop_ios" : 0,
        "slat_ns" : {
          "min" : 0,
          "max" : 0,
          "mean" : 0.000000,
          "stddev" : 0.000000,
          "N" : 0
        },
        "clat_ns" : {
          "min" : 0,
          "max" : 0,
          "mean" : 0.000000,
          "stddev" : 0.000000,
          "N" : 0
        },
        "lat_ns" : {
          "min" : 0,
          "max" : 0,
          "mean" : 0.000000,
          "stddev" : 0.000000,
          "N" : 0
        },
        "bw_min" : 0,
        "bw_max" : 0,
        "bw_agg" : 0.000000,
        "bw_mean" : 0.000000,
        "bw_dev" : 0.000000,
        "bw_samples" : 0,
        "iops_min" : 0,
        "iops_max" : 0,
        "iops_mean" : 0.000000,
        "iops_stddev" : 0.000000,
        "iops_samples" : 0
      },
      "sync" : {
        "total_ios" : 0,
        "lat_ns" : {
          "min" : 0,
          "max" : 0,
          "mean" : 0.000000,
          "stddev" : 0.000000,
          "N" : 0
        }
      },
      "job_runtime" : 2511,
      "usr_cpu" : 0.597372,
      "sys_cpu" : 4.778973,
      "ctx" : 3181,
      "majf" : 0,
      "minf" : 53,
      "iodepth_level" : {
        "1" : 100.000000,
        "2" : 0.000000,
        "4" : 0.000000,
        "8" : 0.000000,
        "16" : 0.000000,
        "32" : 0.000000,
        ">=64" : 0.000000
      },
      "iodepth_submit" : {
        "0" : 0.000000,
        "4" : 100.000000,
        "8" : 0.000000,
        "16" : 0.000000,
        "32" : 0.000000,
        "64" : 0.000000,
        ">=64" : 0.000000
      },
      "iodepth_complete" : {
        "0" : 0.000000,
        "4" : 100.000000,
        "8" : 0.000000,
        "16" : 0.000000,
        "32" : 0.000000,
        "64" : 0.000000,
        ">=64" : 0.000000
      },
      "latency_ns" : {
        "2" : 0.000000,
        "4" : 0.000000,
        "10" : 0.000000,
        "20" : 0.000000,
        "50" : 0.000000,
        "100" : 0.000000,
        "250" : 0.000000,
        "500" : 0.000000,
        "750" : 0.000000,
        "1000" : 0.000000
      },
      "latency_us" : {
        "2" : 0.000000,
        "4" : 0.000000,
        "10" : 0.000000,
        "20" : 0.000000,
        "50" : 4.003906,
        "100" : 25.162760,
        "250" : 32.779948,
        "500" : 10.384115,
        "750" : 5.729167,
        "1000" : 4.492188
      },
      "latency_ms" : {
        "2" : 10.319010,
        "4" : 5.631510,
        "10" : 1.074219,
        "20" : 0.162760,
        "50" : 0.065104,
        "100" : 0.097656,
        "250" : 0.065104,
        "500" : 0.032552,
        "750" : 0.000000,
        "1000" : 0.000000,
        "2000" : 0.000000,
        ">=2000" : 0.000000
      },
      "latency_depth" : 1,
      "latency_target" : 0,
      "latency_percentile" : 100.000000,
      "latency_window" : 0
    }
  ]
}
