{
  "fio version" : "fio-3.33",
  "timestamp" : 1747517157,
  "timestamp_ms" : 1747517157638,
  "time" : "Sat May 17 23:25:57 2025",
  "jobs" : [
    {
      "jobname" : "randread_32k_run4",
      "groupid" : 0,
      "error" : 0,
      "eta" : 2147483647,
      "elapsed" : 2,
      "job options" : {
        "name" : "randread_32k_run4",
        "rw" : "randread",
        "bs" : "32k",
        "size" : "32m",
        "numjobs" : "3",
        "directory" : "/mnt/juicefs",
        "group_reporting" : "1"
      },
      "read" : {
        "io_bytes" : 100663296,
        "io_kbytes" : 98304,
        "bw_bytes" : 84166635,
        "bw" : 82193,
        "iops" : 2568.561873,
        "runtime" : 1196,
        "total_ios" : 3072,
        "short_ios" : 0,
        "drop_ios" : 0,
        "slat_ns" : {
          "min" : 0,
          "max" : 0,
          "mean" : 0.000000,
          "stddev" : 0.000000,
          "N" : 0
        },
        "clat_ns" : {
          "min" : 30879,
          "max" : 312731649,
          "mean" : 977668.840495,
          "stddev" : 7467003.163021,
          "N" : 3072,
          "percentile" : {
            "1.000000" : 35072,
            "5.000000" : 44800,
            "10.000000" : 62720,
            "20.000000" : 77312,
            "30.000000" : 99840,
            "40.000000" : 125440,
            "50.000000" : 156672,
            "60.000000" : 224256,
            "70.000000" : 440320,
            "80.000000" : 913408,
            "90.000000" : 1794048,
            "95.000000" : 3162112,
            "99.000000" : 7897088,
            "99.500000" : 11599872,
            "99.900000" : 66322432,
            "99.950000" : 196083712,
            "99.990000" : 312475648
          }
        },
        "lat_ns" : {
          "min" : 30949,
          "max" : 312731759,
          "mean" : 977865.998698,
          "stddev" : 7467014.433744,
          "N" : 3072
        },
        "bw_min" : 49691,
        "bw_max" : 79190,
        "bw_agg" : 78.399903,
        "bw_mean" : 64440.500000,
        "bw_dev" : 12042.916320,
        "bw_samples" : 4,
        "iops_min" : 1551,
        "iops_max" : 2473,
        "iops_mean" : 2012.000000,
        "iops_stddev" : 376.404924,
        "iops_samples" : 4
      },
      "write" : {
        "io_bytes" : 0,
        "io_kbytes" : 0,
        "bw_bytes" : 0,
        "bw" : 0,
        "iops" : 0.000000,
        "runtime" : 0,
        "total_ios" : 0,
        "short_ios" : 0,
        "drop_ios" : 0,
        "slat_ns" : {
          "min" : 0,
          "max" : 0,
          "mean" : 0.000000,
          "stddev" : 0.000000,
          "N" : 0
        },
        "clat_ns" : {
          "min" : 0,
          "max" : 0,
          "mean" : 0.000000,
          "stddev" : 0.000000,
          "N" : 0
        },
        "lat_ns" : {
          "min" : 0,
          "max" : 0,
          "mean" : 0.000000,
          "stddev" : 0.000000,
          "N" : 0
        },
        "bw_min" : 0,
        "bw_max" : 0,
        "bw_agg" : 0.000000,
        "bw_mean" : 0.000000,
        "bw_dev" : 0.000000,
        "bw_samples" : 0,
        "iops_min" : 0,
        "iops_max" : 0,
        "iops_mean" : 0.000000,
        "iops_stddev" : 0.000000,
        "iops_samples" : 0
      },
      "trim" : {
        "io_bytes" : 0,
        "io_kbytes" : 0,
        "bw_bytes" : 0,
        "bw" : 0,
        "iops" : 0.000000,
        "runtime" : 0,
        "total_ios" : 0,
        "short_ios" : 0,
        "drop_ios" : 0,
        "slat_ns" : {
          "min" : 0,
          "max" : 0,
          "mean" : 0.000000,
          "stddev" : 0.000000,
          "N" : 0
        },
        "clat_ns" : {
          "min" : 0,
          "max" : 0,
          "mean" : 0.000000,
          "stddev" : 0.000000,
          "N" : 0
        },
        "lat_ns" : {
          "min" : 0,
          "max" : 0,
          "mean" : 0.000000,
          "stddev" : 0.000000,
          "N" : 0
        },
        "bw_min" : 0,
        "bw_max" : 0,
        "bw_agg" : 0.000000,
        "bw_mean" : 0.000000,
        "bw_dev" : 0.000000,
        "bw_samples" : 0,
        "iops_min" : 0,
        "iops_max" : 0,
        "iops_mean" : 0.000000,
        "iops_stddev" : 0.000000,
        "iops_samples" : 0
      },
      "sync" : {
        "total_ios" : 0,
        "lat_ns" : {
          "min" : 0,
          "max" : 0,
          "mean" : 0.000000,
          "stddev" : 0.000000,
          "N" : 0
        }
      },
      "job_runtime" : 3011,
      "usr_cpu" : 0.498173,
      "sys_cpu" : 3.952175,
      "ctx" : 3190,
      "majf" : 0,
      "minf" : 50,
      "iodepth_level" : {
        "1" : 100.000000,
        "2" : 0.000000,
        "4" : 0.000000,
        "8" : 0.000000,
        "16" : 0.000000,
        "32" : 0.000000,
        ">=64" : 0.000000
      },
      "iodepth_submit" : {
        "0" : 0.000000,
        "4" : 100.000000,
        "8" : 0.000000,
        "16" : 0.000000,
        "32" : 0.000000,
        "64" : 0.000000,
        ">=64" : 0.000000
      },
      "iodepth_complete" : {
        "0" : 0.000000,
        "4" : 100.000000,
        "8" : 0.000000,
        "16" : 0.000000,
        "32" : 0.000000,
        "64" : 0.000000,
        ">=64" : 0.000000
      },
      "latency_ns" : {
        "2" : 0.000000,
        "4" : 0.000000,
        "10" : 0.000000,
        "20" : 0.000000,
        "50" : 0.000000,
        "100" : 0.000000,
        "250" : 0.000000,
        "500" : 0.000000,
        "750" : 0.000000,
        "1000" : 0.000000
      },
      "latency_us" : {
        "2" : 0.000000,
        "4" : 0.000000,
        "10" : 0.000000,
        "20" : 0.000000,
        "50" : 6.054688,
        "100" : 23.893229,
        "250" : 31.966146,
        "500" : 9.342448,
        "750" : 5.696615,
        "1000" : 4.654948
      },
      "latency_ms" : {
        "2" : 9.667969,
        "4" : 5.273438,
        "10" : 2.832031,
        "20" : 0.260417,
        "50" : 0.195312,
        "100" : 0.065104,
        "250" : 0.065104,
        "500" : 0.032552,
        "750" : 0.000000,
        "1000" : 0.000000,
        "2000" : 0.000000,
        ">=2000" : 0.000000
      },
      "latency_depth" : 1,
      "latency_target" : 0,
      "latency_percentile" : 100.000000,
      "latency_window" : 0
    }
  ]
}
