{
  "fio version" : "fio-3.33",
  "timestamp" : 1747517153,
  "timestamp_ms" : 1747517153549,
  "time" : "Sat May 17 23:25:53 2025",
  "jobs" : [
    {
      "jobname" : "randread_32k_run2",
      "groupid" : 0,
      "error" : 0,
      "eta" : 2147483647,
      "elapsed" : 2,
      "job options" : {
        "name" : "randread_32k_run2",
        "rw" : "randread",
        "bs" : "32k",
        "size" : "32m",
        "numjobs" : "3",
        "directory" : "/mnt/juicefs",
        "group_reporting" : "1"
      },
      "read" : {
        "io_bytes" : 100663296,
        "io_kbytes" : 98304,
        "bw_bytes" : 85525315,
        "bw" : 83520,
        "iops" : 2610.025489,
        "runtime" : 1177,
        "total_ios" : 3072,
        "short_ios" : 0,
        "drop_ios" : 0,
        "slat_ns" : {
          "min" : 0,
          "max" : 0,
          "mean" : 0.000000,
          "stddev" : 0.000000,
          "N" : 0
        },
        "clat_ns" : {
          "min" : 33143,
          "max" : 227607884,
          "mean" : 1127030.385742,
          "stddev" : 7736425.682396,
          "N" : 3072,
          "percentile" : {
            "1.000000" : 39680,
            "5.000000" : 60160,
            "10.000000" : 69120,
            "20.000000" : 87552,
            "30.000000" : 104960,
            "40.000000" : 129536,
            "50.000000" : 160768,
            "60.000000" : 257024,
            "70.000000" : 522240,
            "80.000000" : 1056768,
            "90.000000" : 1908736,
            "95.000000" : 2834432,
            "99.000000" : 9633792,
            "99.500000" : 19529728,
            "99.900000" : 152043520,
            "99.950000" : 170917888,
            "99.990000" : 227540992
          }
        },
        "lat_ns" : {
          "min" : 33273,
          "max" : 227608516,
          "mean" : 1127277.645833,
          "stddev" : 7736486.762470,
          "N" : 3072
        },
        "bw_min" : 6976,
        "bw_max" : 126978,
        "bw_agg" : 80.191985,
        "bw_mean" : 66977.000000,
        "bw_dev" : 22073.052503,
        "bw_samples" : 6,
        "iops_min" : 218,
        "iops_max" : 3967,
        "iops_mean" : 2092.500000,
        "iops_stddev" : 689.602857,
        "iops_samples" : 6
      },
      "write" : {
        "io_bytes" : 0,
        "io_kbytes" : 0,
        "bw_bytes" : 0,
        "bw" : 0,
        "iops" : 0.000000,
        "runtime" : 0,
        "total_ios" : 0,
        "short_ios" : 0,
        "drop_ios" : 0,
        "slat_ns" : {
          "min" : 0,
          "max" : 0,
          "mean" : 0.000000,
          "stddev" : 0.000000,
          "N" : 0
        },
        "clat_ns" : {
          "min" : 0,
          "max" : 0,
          "mean" : 0.000000,
          "stddev" : 0.000000,
          "N" : 0
        },
        "lat_ns" : {
          "min" : 0,
          "max" : 0,
          "mean" : 0.000000,
          "stddev" : 0.000000,
          "N" : 0
        },
        "bw_min" : 0,
        "bw_max" : 0,
        "bw_agg" : 0.000000,
        "bw_mean" : 0.000000,
        "bw_dev" : 0.000000,
        "bw_samples" : 0,
        "iops_min" : 0,
        "iops_max" : 0,
        "iops_mean" : 0.000000,
        "iops_stddev" : 0.000000,
        "iops_samples" : 0
      },
      "trim" : {
        "io_bytes" : 0,
        "io_kbytes" : 0,
        "bw_bytes" : 0,
        "bw" : 0,
        "iops" : 0.000000,
        "runtime" : 0,
        "total_ios" : 0,
        "short_ios" : 0,
        "drop_ios" : 0,
        "slat_ns" : {
          "min" : 0,
          "max" : 0,
          "mean" : 0.000000,
          "stddev" : 0.000000,
          "N" : 0
        },
        "clat_ns" : {
          "min" : 0,
          "max" : 0,
          "mean" : 0.000000,
          "stddev" : 0.000000,
          "N" : 0
        },
        "lat_ns" : {
          "min" : 0,
          "max" : 0,
          "mean" : 0.000000,
          "stddev" : 0.000000,
          "N" : 0
        },
        "bw_min" : 0,
        "bw_max" : 0,
        "bw_agg" : 0.000000,
        "bw_mean" : 0.000000,
        "bw_dev" : 0.000000,
        "bw_samples" : 0,
        "iops_min" : 0,
        "iops_max" : 0,
        "iops_mean" : 0.000000,
        "iops_stddev" : 0.000000,
        "iops_samples" : 0
      },
      "sync" : {
        "total_ios" : 0,
        "lat_ns" : {
          "min" : 0,
          "max" : 0,
          "mean" : 0.000000,
          "stddev" : 0.000000,
          "N" : 0
        }
      },
      "job_runtime" : 3470,
      "usr_cpu" : 0.461095,
      "sys_cpu" : 3.717579,
      "ctx" : 3191,
      "majf" : 0,
      "minf" : 49,
      "iodepth_level" : {
        "1" : 100.000000,
        "2" : 0.000000,
        "4" : 0.000000,
        "8" : 0.000000,
        "16" : 0.000000,
        "32" : 0.000000,
        ">=64" : 0.000000
      },
      "iodepth_submit" : {
        "0" : 0.000000,
        "4" : 100.000000,
        "8" : 0.000000,
        "16" : 0.000000,
        "32" : 0.000000,
        "64" : 0.000000,
        ">=64" : 0.000000
      },
      "iodepth_complete" : {
        "0" : 0.000000,
        "4" : 100.000000,
        "8" : 0.000000,
        "16" : 0.000000,
        "32" : 0.000000,
        "64" : 0.000000,
        ">=64" : 0.000000
      },
      "latency_ns" : {
        "2" : 0.000000,
        "4" : 0.000000,
        "10" : 0.000000,
        "20" : 0.000000,
        "50" : 0.000000,
        "100" : 0.000000,
        "250" : 0.000000,
        "500" : 0.000000,
        "750" : 0.000000,
        "1000" : 0.000000
      },
      "latency_us" : {
        "2" : 0.000000,
        "4" : 0.000000,
        "10" : 0.000000,
        "20" : 0.000000,
        "50" : 2.994792,
        "100" : 24.283854,
        "250" : 32.454427,
        "500" : 9.798177,
        "750" : 5.468750,
        "1000" : 4.166667
      },
      "latency_ms" : {
        "2" : 11.458333,
        "4" : 6.542969,
        "10" : 1.888021,
        "20" : 0.455729,
        "50" : 0.195312,
        "100" : 0.130208,
        "250" : 0.162760,
        "500" : 0.000000,
        "750" : 0.000000,
        "1000" : 0.000000,
        "2000" : 0.000000,
        ">=2000" : 0.000000
      },
      "latency_depth" : 1,
      "latency_target" : 0,
      "latency_percentile" : 100.000000,
      "latency_window" : 0
    }
  ]
}
