{
  "fio version" : "fio-3.33",
  "timestamp" : 1747517121,
  "timestamp_ms" : 1747517121129,
  "time" : "Sat May 17 23:25:21 2025",
  "jobs" : [
    {
      "jobname" : "randread_8k_run9",
      "groupid" : 0,
      "error" : 0,
      "eta" : 0,
      "elapsed" : 4,
      "job options" : {
        "name" : "randread_8k_run9",
        "rw" : "randread",
        "bs" : "8k",
        "size" : "32m",
        "numjobs" : "3",
        "directory" : "/mnt/juicefs",
        "group_reporting" : "1"
      },
      "read" : {
        "io_bytes" : 100663296,
        "io_kbytes" : 98304,
        "bw_bytes" : 34544713,
        "bw" : 33735,
        "iops" : 4216.884008,
        "runtime" : 2914,
        "total_ios" : 12288,
        "short_ios" : 0,
        "drop_ios" : 0,
        "slat_ns" : {
          "min" : 0,
          "max" : 0,
          "mean" : 0.000000,
          "stddev" : 0.000000,
          "N" : 0
        },
        "clat_ns" : {
          "min" : 18776,
          "max" : 182488114,
          "mean" : 699987.926351,
          "stddev" : 3169571.250065,
          "N" : 12288,
          "percentile" : {
            "1.000000" : 23168,
            "5.000000" : 37632,
            "10.000000" : 49920,
            "20.000000" : 64768,
            "30.000000" : 81408,
            "40.000000" : 99840,
            "50.000000" : 127488,
            "60.000000" : 191488,
            "70.000000" : 448512,
            "80.000000" : 921600,
            "90.000000" : 1662976,
            "95.000000" : 2637824,
            "99.000000" : 6717440,
            "99.500000" : 9502720,
            "99.900000" : 18743296,
            "99.950000" : 78118912,
            "99.990000" : 137363456
          }
        },
        "lat_ns" : {
          "min" : 18846,
          "max" : 182489086,
          "mean" : 700170.422119,
          "stddev" : 3169591.295500,
          "N" : 12288
        },
        "bw_min" : 5108,
        "bw_max" : 48608,
        "bw_agg" : 100.000000,
        "bw_mean" : 33859.400000,
        "bw_dev" : 5315.197733,
        "bw_samples" : 15,
        "iops_min" : 637,
        "iops_max" : 6076,
        "iops_mean" : 4231.200000,
        "iops_stddev" : 664.499962,
        "iops_samples" : 15
      },
      "write" : {
        "io_bytes" : 0,
        "io_kbytes" : 0,
        "bw_bytes" : 0,
        "bw" : 0,
        "iops" : 0.000000,
        "runtime" : 0,
        "total_ios" : 0,
        "short_ios" : 0,
        "drop_ios" : 0,
        "slat_ns" : {
          "min" : 0,
          "max" : 0,
          "mean" : 0.000000,
          "stddev" : 0.000000,
          "N" : 0
        },
        "clat_ns" : {
          "min" : 0,
          "max" : 0,
          "mean" : 0.000000,
          "stddev" : 0.000000,
          "N" : 0
        },
        "lat_ns" : {
          "min" : 0,
          "max" : 0,
          "mean" : 0.000000,
          "stddev" : 0.000000,
          "N" : 0
        },
        "bw_min" : 0,
        "bw_max" : 0,
        "bw_agg" : 0.000000,
        "bw_mean" : 0.000000,
        "bw_dev" : 0.000000,
        "bw_samples" : 0,
        "iops_min" : 0,
        "iops_max" : 0,
        "iops_mean" : 0.000000,
        "iops_stddev" : 0.000000,
        "iops_samples" : 0
      },
      "trim" : {
        "io_bytes" : 0,
        "io_kbytes" : 0,
        "bw_bytes" : 0,
        "bw" : 0,
        "iops" : 0.000000,
        "runtime" : 0,
        "total_ios" : 0,
        "short_ios" : 0,
        "drop_ios" : 0,
        "slat_ns" : {
          "min" : 0,
          "max" : 0,
          "mean" : 0.000000,
          "stddev" : 0.000000,
          "N" : 0
        },
        "clat_ns" : {
          "min" : 0,
          "max" : 0,
          "mean" : 0.000000,
          "stddev" : 0.000000,
          "N" : 0
        },
        "lat_ns" : {
          "min" : 0,
          "max" : 0,
          "mean" : 0.000000,
          "stddev" : 0.000000,
          "N" : 0
        },
        "bw_min" : 0,
        "bw_max" : 0,
        "bw_agg" : 0.000000,
        "bw_mean" : 0.000000,
        "bw_dev" : 0.000000,
        "bw_samples" : 0,
        "iops_min" : 0,
        "iops_max" : 0,
        "iops_mean" : 0.000000,
        "iops_stddev" : 0.000000,
        "iops_samples" : 0
      },
      "sync" : {
        "total_ios" : 0,
        "lat_ns" : {
          "min" : 0,
          "max" : 0,
          "mean" : 0.000000,
          "stddev" : 0.000000,
          "N" : 0
        }
      },
      "job_runtime" : 8624,
      "usr_cpu" : 0.533395,
      "sys_cpu" : 3.617811,
      "ctx" : 12582,
      "majf" : 0,
      "minf" : 32,
      "iodepth_level" : {
        "1" : 100.000000,
        "2" : 0.000000,
        "4" : 0.000000,
        "8" : 0.000000,
        "16" : 0.000000,
        "32" : 0.000000,
        ">=64" : 0.000000
      },
      "iodepth_submit" : {
        "0" : 0.000000,
        "4" : 100.000000,
        "8" : 0.000000,
        "16" : 0.000000,
        "32" : 0.000000,
        "64" : 0.000000,
        ">=64" : 0.000000
      },
      "iodepth_complete" : {
        "0" : 0.000000,
        "4" : 100.000000,
        "8" : 0.000000,
        "16" : 0.000000,
        "32" : 0.000000,
        "64" : 0.000000,
        ">=64" : 0.000000
      },
      "latency_ns" : {
        "2" : 0.000000,
        "4" : 0.000000,
        "10" : 0.000000,
        "20" : 0.000000,
        "50" : 0.000000,
        "100" : 0.000000,
        "250" : 0.000000,
        "500" : 0.000000,
        "750" : 0.000000,
        "1000" : 0.000000
      },
      "latency_us" : {
        "2" : 0.000000,
        "4" : 0.000000,
        "10" : 0.000000,
        "20" : 0.113932,
        "50" : 9.790039,
        "100" : 30.240885,
        "250" : 23.714193,
        "500" : 7.096354,
        "750" : 5.533854,
        "1000" : 5.086263
      },
      "latency_ms" : {
        "2" : 10.945638,
        "4" : 5.021159,
        "10" : 2.034505,
        "20" : 0.325521,
        "50" : 0.032552,
        "100" : 0.040690,
        "250" : 0.024414,
        "500" : 0.000000,
        "750" : 0.000000,
        "1000" : 0.000000,
        "2000" : 0.000000,
        ">=2000" : 0.000000
      },
      "latency_depth" : 1,
      "latency_target" : 0,
      "latency_percentile" : 100.000000,
      "latency_window" : 0
    }
  ]
}
