{
  "fio version" : "fio-3.33",
  "timestamp" : 1747517087,
  "timestamp_ms" : 1747517087230,
  "time" : "Sat May 17 23:24:47 2025",
  "jobs" : [
    {
      "jobname" : "randread_8k_run1",
      "groupid" : 0,
      "error" : 0,
      "eta" : 0,
      "elapsed" : 3,
      "job options" : {
        "name" : "randread_8k_run1",
        "rw" : "randread",
        "bs" : "8k",
        "size" : "32m",
        "numjobs" : "3",
        "directory" : "/mnt/juicefs",
        "group_reporting" : "1"
      },
      "read" : {
        "io_bytes" : 100663296,
        "io_kbytes" : 98304,
        "bw_bytes" : 41137431,
        "bw" : 40173,
        "iops" : 5021.659174,
        "runtime" : 2447,
        "total_ios" : 12288,
        "short_ios" : 0,
        "drop_ios" : 0,
        "slat_ns" : {
          "min" : 0,
          "max" : 0,
          "mean" : 0.000000,
          "stddev" : 0.000000,
          "N" : 0
        },
        "clat_ns" : {
          "min" : 18455,
          "max" : 132409161,
          "mean" : 582889.799479,
          "stddev" : 2288479.896114,
          "N" : 12288,
          "percentile" : {
            "1.000000" : 22912,
            "5.000000" : 35072,
            "10.000000" : 49920,
            "20.000000" : 63744,
            "30.000000" : 79360,
            "40.000000" : 96768,
            "50.000000" : 120320,
            "60.000000" : 177152,
            "70.000000" : 391168,
            "80.000000" : 847872,
            "90.000000" : 1564672,
            "95.000000" : 2310144,
            "99.000000" : 4554752,
            "99.500000" : 6062080,
            "99.900000" : 11862016,
            "99.950000" : 32899072,
            "99.990000" : 122159104
          }
        },
        "lat_ns" : {
          "min" : 18536,
          "max" : 132409702,
          "mean" : 583076.828125,
          "stddev" : 2288491.323396,
          "N" : 12288
        },
        "bw_min" : 16270,
        "bw_max" : 49883,
        "bw_agg" : 95.558558,
        "bw_mean" : 38389.750000,
        "bw_dev" : 4752.126737,
        "bw_samples" : 12,
        "iops_min" : 2033,
        "iops_max" : 6233,
        "iops_mean" : 4797.000000,
        "iops_stddev" : 593.824699,
        "iops_samples" : 12
      },
      "write" : {
        "io_bytes" : 0,
        "io_kbytes" : 0,
        "bw_bytes" : 0,
        "bw" : 0,
        "iops" : 0.000000,
        "runtime" : 0,
        "total_ios" : 0,
        "short_ios" : 0,
        "drop_ios" : 0,
        "slat_ns" : {
          "min" : 0,
          "max" : 0,
          "mean" : 0.000000,
          "stddev" : 0.000000,
          "N" : 0
        },
        "clat_ns" : {
          "min" : 0,
          "max" : 0,
          "mean" : 0.000000,
          "stddev" : 0.000000,
          "N" : 0
        },
        "lat_ns" : {
          "min" : 0,
          "max" : 0,
          "mean" : 0.000000,
          "stddev" : 0.000000,
          "N" : 0
        },
        "bw_min" : 0,
        "bw_max" : 0,
        "bw_agg" : 0.000000,
        "bw_mean" : 0.000000,
        "bw_dev" : 0.000000,
        "bw_samples" : 0,
        "iops_min" : 0,
        "iops_max" : 0,
        "iops_mean" : 0.000000,
        "iops_stddev" : 0.000000,
        "iops_samples" : 0
      },
      "trim" : {
        "io_bytes" : 0,
        "io_kbytes" : 0,
        "bw_bytes" : 0,
        "bw" : 0,
        "iops" : 0.000000,
        "runtime" : 0,
        "total_ios" : 0,
        "short_ios" : 0,
        "drop_ios" : 0,
        "slat_ns" : {
          "min" : 0,
          "max" : 0,
          "mean" : 0.000000,
          "stddev" : 0.000000,
          "N" : 0
        },
        "clat_ns" : {
          "min" : 0,
          "max" : 0,
          "mean" : 0.000000,
          "stddev" : 0.000000,
          "N" : 0
        },
        "lat_ns" : {
          "min" : 0,
          "max" : 0,
          "mean" : 0.000000,
          "stddev" : 0.000000,
          "N" : 0
        },
        "bw_min" : 0,
        "bw_max" : 0,
        "bw_agg" : 0.000000,
        "bw_mean" : 0.000000,
        "bw_dev" : 0.000000,
        "bw_samples" : 0,
        "iops_min" : 0,
        "iops_max" : 0,
        "iops_mean" : 0.000000,
        "iops_stddev" : 0.000000,
        "iops_samples" : 0
      },
      "sync" : {
        "total_ios" : 0,
        "lat_ns" : {
          "min" : 0,
          "max" : 0,
          "mean" : 0.000000,
          "stddev" : 0.000000,
          "N" : 0
        }
      },
      "job_runtime" : 7189,
      "usr_cpu" : 0.792878,
      "sys_cpu" : 4.409515,
      "ctx" : 12644,
      "majf" : 0,
      "minf" : 37,
      "iodepth_level" : {
        "1" : 100.000000,
        "2" : 0.000000,
        "4" : 0.000000,
        "8" : 0.000000,
        "16" : 0.000000,
        "32" : 0.000000,
        ">=64" : 0.000000
      },
      "iodepth_submit" : {
        "0" : 0.000000,
        "4" : 100.000000,
        "8" : 0.000000,
        "16" : 0.000000,
        "32" : 0.000000,
        "64" : 0.000000,
        ">=64" : 0.000000
      },
      "iodepth_complete" : {
        "0" : 0.000000,
        "4" : 100.000000,
        "8" : 0.000000,
        "16" : 0.000000,
        "32" : 0.000000,
        "64" : 0.000000,
        ">=64" : 0.000000
      },
      "latency_ns" : {
        "2" : 0.000000,
        "4" : 0.000000,
        "10" : 0.000000,
        "20" : 0.000000,
        "50" : 0.000000,
        "100" : 0.000000,
        "250" : 0.000000,
        "500" : 0.000000,
        "750" : 0.000000,
        "1000" : 0.000000
      },
      "latency_us" : {
        "2" : 0.000000,
        "4" : 0.000000,
        "10" : 0.000000,
        "20" : 0.146484,
        "50" : 9.977214,
        "100" : 31.746419,
        "250" : 23.323568,
        "500" : 7.495117,
        "750" : 5.631510,
        "1000" : 4.248047
      },
      "latency_ms" : {
        "2" : 10.685221,
        "4" : 5.346680,
        "10" : 1.261393,
        "20" : 0.056966,
        "50" : 0.040690,
        "100" : 0.024414,
        "250" : 0.016276,
        "500" : 0.000000,
        "750" : 0.000000,
        "1000" : 0.000000,
        "2000" : 0.000000,
        ">=2000" : 0.000000
      },
      "latency_depth" : 1,
      "latency_target" : 0,
      "latency_percentile" : 100.000000,
      "latency_window" : 0
    }
  ]
}
