{
  "fio version" : "fio-3.33",
  "timestamp" : 1747517125,
  "timestamp_ms" : 1747517125293,
  "time" : "Sat May 17 23:25:25 2025",
  "jobs" : [
    {
      "jobname" : "randread_8k_run10",
      "groupid" : 0,
      "error" : 0,
      "eta" : 0,
      "elapsed" : 4,
      "job options" : {
        "name" : "randread_8k_run10",
        "rw" : "randread",
        "bs" : "8k",
        "size" : "32m",
        "numjobs" : "3",
        "directory" : "/mnt/juicefs",
        "group_reporting" : "1"
      },
      "read" : {
        "io_bytes" : 100663296,
        "io_kbytes" : 98304,
        "bw_bytes" : 33723047,
        "bw" : 32932,
        "iops" : 4116.582915,
        "runtime" : 2985,
        "total_ios" : 12288,
        "short_ios" : 0,
        "drop_ios" : 0,
        "slat_ns" : {
          "min" : 0,
          "max" : 0,
          "mean" : 0.000000,
          "stddev" : 0.000000,
          "N" : 0
        },
        "clat_ns" : {
          "min" : 18725,
          "max" : 274784670,
          "mean" : 702027.982015,
          "stddev" : 3887574.449548,
          "N" : 12288,
          "percentile" : {
            "1.000000" : 20864,
            "5.000000" : 33536,
            "10.000000" : 49920,
            "20.000000" : 64768,
            "30.000000" : 83456,
            "40.000000" : 101888,
            "50.000000" : 128512,
            "60.000000" : 199680,
            "70.000000" : 448512,
            "80.000000" : 913408,
            "90.000000" : 1662976,
            "95.000000" : 2670592,
            "99.000000" : 6324224,
            "99.500000" : 9109504,
            "99.900000" : 17956864,
            "99.950000" : 47448064,
            "99.990000" : 173015040
          }
        },
        "lat_ns" : {
          "min" : 18785,
          "max" : 274785441,
          "mean" : 702205.269938,
          "stddev" : 3887594.067994,
          "N" : 12288
        },
        "bw_min" : 4672,
        "bw_max" : 44391,
        "bw_agg" : 97.520203,
        "bw_mean" : 32117.000000,
        "bw_dev" : 4904.372545,
        "bw_samples" : 15,
        "iops_min" : 584,
        "iops_max" : 5548,
        "iops_mean" : 4014.200000,
        "iops_stddev" : 612.954578,
        "iops_samples" : 15
      },
      "write" : {
        "io_bytes" : 0,
        "io_kbytes" : 0,
        "bw_bytes" : 0,
        "bw" : 0,
        "iops" : 0.000000,
        "runtime" : 0,
        "total_ios" : 0,
        "short_ios" : 0,
        "drop_ios" : 0,
        "slat_ns" : {
          "min" : 0,
          "max" : 0,
          "mean" : 0.000000,
          "stddev" : 0.000000,
          "N" : 0
        },
        "clat_ns" : {
          "min" : 0,
          "max" : 0,
          "mean" : 0.000000,
          "stddev" : 0.000000,
          "N" : 0
        },
        "lat_ns" : {
          "min" : 0,
          "max" : 0,
          "mean" : 0.000000,
          "stddev" : 0.000000,
          "N" : 0
        },
        "bw_min" : 0,
        "bw_max" : 0,
        "bw_agg" : 0.000000,
        "bw_mean" : 0.000000,
        "bw_dev" : 0.000000,
        "bw_samples" : 0,
        "iops_min" : 0,
        "iops_max" : 0,
        "iops_mean" : 0.000000,
        "iops_stddev" : 0.000000,
        "iops_samples" : 0
      },
      "trim" : {
        "io_bytes" : 0,
        "io_kbytes" : 0,
        "bw_bytes" : 0,
        "bw" : 0,
        "iops" : 0.000000,
        "runtime" : 0,
        "total_ios" : 0,
        "short_ios" : 0,
        "drop_ios" : 0,
        "slat_ns" : {
          "min" : 0,
          "max" : 0,
          "mean" : 0.000000,
          "stddev" : 0.000000,
          "N" : 0
        },
        "clat_ns" : {
          "min" : 0,
          "max" : 0,
          "mean" : 0.000000,
          "stddev" : 0.000000,
          "N" : 0
        },
        "lat_ns" : {
          "min" : 0,
          "max" : 0,
          "mean" : 0.000000,
          "stddev" : 0.000000,
          "N" : 0
        },
        "bw_min" : 0,
        "bw_max" : 0,
        "bw_agg" : 0.000000,
        "bw_mean" : 0.000000,
        "bw_dev" : 0.000000,
        "bw_samples" : 0,
        "iops_min" : 0,
        "iops_max" : 0,
        "iops_mean" : 0.000000,
        "iops_stddev" : 0.000000,
        "iops_samples" : 0
      },
      "sync" : {
        "total_ios" : 0,
        "lat_ns" : {
          "min" : 0,
          "max" : 0,
          "mean" : 0.000000,
          "stddev" : 0.000000,
          "N" : 0
        }
      },
      "job_runtime" : 8654,
      "usr_cpu" : 0.878207,
      "sys_cpu" : 3.351052,
      "ctx" : 12698,
      "majf" : 0,
      "minf" : 34,
      "iodepth_level" : {
        "1" : 100.000000,
        "2" : 0.000000,
        "4" : 0.000000,
        "8" : 0.000000,
        "16" : 0.000000,
        "32" : 0.000000,
        ">=64" : 0.000000
      },
      "iodepth_submit" : {
        "0" : 0.000000,
        "4" : 100.000000,
        "8" : 0.000000,
        "16" : 0.000000,
        "32" : 0.000000,
        "64" : 0.000000,
        ">=64" : 0.000000
      },
      "iodepth_complete" : {
        "0" : 0.000000,
        "4" : 100.000000,
        "8" : 0.000000,
        "16" : 0.000000,
        "32" : 0.000000,
        "64" : 0.000000,
        ">=64" : 0.000000
      },
      "latency_ns" : {
        "2" : 0.000000,
        "4" : 0.000000,
        "10" : 0.000000,
        "20" : 0.000000,
        "50" : 0.000000,
        "100" : 0.000000,
        "250" : 0.000000,
        "500" : 0.000000,
        "750" : 0.000000,
        "1000" : 0.000000
      },
      "latency_us" : {
        "2" : 0.000000,
        "4" : 0.000000,
        "10" : 0.000000,
        "20" : 0.830078,
        "50" : 9.318034,
        "100" : 29.028320,
        "250" : 23.746745,
        "500" : 8.382161,
        "750" : 5.525716,
        "1000" : 4.671224
      },
      "latency_ms" : {
        "2" : 10.555013,
        "4" : 5.607096,
        "10" : 1.953125,
        "20" : 0.292969,
        "50" : 0.040690,
        "100" : 0.010000,
        "250" : 0.032552,
        "500" : 0.010000,
        "750" : 0.000000,
        "1000" : 0.000000,
        "2000" : 0.000000,
        ">=2000" : 0.000000
      },
      "latency_depth" : 1,
      "latency_target" : 0,
      "latency_percentile" : 100.000000,
      "latency_window" : 0
    }
  ]
}
