{
  "fio version" : "fio-3.33",
  "timestamp" : 1747517091,
  "timestamp_ms" : 1747517091146,
  "time" : "Sat May 17 23:24:51 2025",
  "jobs" : [
    {
      "jobname" : "randread_8k_run2",
      "groupid" : 0,
      "error" : 0,
      "eta" : 0,
      "elapsed" : 3,
      "job options" : {
        "name" : "randread_8k_run2",
        "rw" : "randread",
        "bs" : "8k",
        "size" : "32m",
        "numjobs" : "3",
        "directory" : "/mnt/juicefs",
        "group_reporting" : "1"
      },
      "read" : {
        "io_bytes" : 100663296,
        "io_kbytes" : 98304,
        "bw_bytes" : 36498656,
        "bw" : 35643,
        "iops" : 4455.402466,
        "runtime" : 2758,
        "total_ios" : 12288,
        "short_ios" : 0,
        "drop_ios" : 0,
        "slat_ns" : {
          "min" : 0,
          "max" : 0,
          "mean" : 0.000000,
          "stddev" : 0.000000,
          "N" : 0
        },
        "clat_ns" : {
          "min" : 18365,
          "max" : 297191817,
          "mean" : 667044.447673,
          "stddev" : 3901355.467055,
          "N" : 12288,
          "percentile" : {
            "1.000000" : 22400,
            "5.000000" : 34560,
            "10.000000" : 48384,
            "20.000000" : 61696,
            "30.000000" : 79360,
            "40.000000" : 97792,
            "50.000000" : 123392,
            "60.000000" : 191488,
            "70.000000" : 460800,
            "80.000000" : 937984,
            "90.000000" : 1679360,
            "95.000000" : 2506752,
            "99.000000" : 5341184,
            "99.500000" : 7045120,
            "99.900000" : 16908288,
            "99.950000" : 57933824,
            "99.990000" : 225443840
          }
        },
        "lat_ns" : {
          "min" : 18435,
          "max" : 297192077,
          "mean" : 667205.733643,
          "stddev" : 3901364.267218,
          "N" : 12288
        },
        "bw_min" : 8688,
        "bw_max" : 46466,
        "bw_agg" : 95.336508,
        "bw_mean" : 33981.600000,
        "bw_dev" : 4693.515006,
        "bw_samples" : 15,
        "iops_min" : 1086,
        "iops_max" : 5808,
        "iops_mean" : 4247.200000,
        "iops_stddev" : 586.658212,
        "iops_samples" : 15
      },
      "write" : {
        "io_bytes" : 0,
        "io_kbytes" : 0,
        "bw_bytes" : 0,
        "bw" : 0,
        "iops" : 0.000000,
        "runtime" : 0,
        "total_ios" : 0,
        "short_ios" : 0,
        "drop_ios" : 0,
        "slat_ns" : {
          "min" : 0,
          "max" : 0,
          "mean" : 0.000000,
          "stddev" : 0.000000,
          "N" : 0
        },
        "clat_ns" : {
          "min" : 0,
          "max" : 0,
          "mean" : 0.000000,
          "stddev" : 0.000000,
          "N" : 0
        },
        "lat_ns" : {
          "min" : 0,
          "max" : 0,
          "mean" : 0.000000,
          "stddev" : 0.000000,
          "N" : 0
        },
        "bw_min" : 0,
        "bw_max" : 0,
        "bw_agg" : 0.000000,
        "bw_mean" : 0.000000,
        "bw_dev" : 0.000000,
        "bw_samples" : 0,
        "iops_min" : 0,
        "iops_max" : 0,
        "iops_mean" : 0.000000,
        "iops_stddev" : 0.000000,
        "iops_samples" : 0
      },
      "trim" : {
        "io_bytes" : 0,
        "io_kbytes" : 0,
        "bw_bytes" : 0,
        "bw" : 0,
        "iops" : 0.000000,
        "runtime" : 0,
        "total_ios" : 0,
        "short_ios" : 0,
        "drop_ios" : 0,
        "slat_ns" : {
          "min" : 0,
          "max" : 0,
          "mean" : 0.000000,
          "stddev" : 0.000000,
          "N" : 0
        },
        "clat_ns" : {
          "min" : 0,
          "max" : 0,
          "mean" : 0.000000,
          "stddev" : 0.000000,
          "N" : 0
        },
        "lat_ns" : {
          "min" : 0,
          "max" : 0,
          "mean" : 0.000000,
          "stddev" : 0.000000,
          "N" : 0
        },
        "bw_min" : 0,
        "bw_max" : 0,
        "bw_agg" : 0.000000,
        "bw_mean" : 0.000000,
        "bw_dev" : 0.000000,
        "bw_samples" : 0,
        "iops_min" : 0,
        "iops_max" : 0,
        "iops_mean" : 0.000000,
        "iops_stddev" : 0.000000,
        "iops_samples" : 0
      },
      "sync" : {
        "total_ios" : 0,
        "lat_ns" : {
          "min" : 0,
          "max" : 0,
          "mean" : 0.000000,
          "stddev" : 0.000000,
          "N" : 0
        }
      },
      "job_runtime" : 8222,
      "usr_cpu" : 0.693262,
      "sys_cpu" : 3.660910,
      "ctx" : 12683,
      "majf" : 0,
      "minf" : 33,
      "iodepth_level" : {
        "1" : 100.000000,
        "2" : 0.000000,
        "4" : 0.000000,
        "8" : 0.000000,
        "16" : 0.000000,
        "32" : 0.000000,
        ">=64" : 0.000000
      },
      "iodepth_submit" : {
        "0" : 0.000000,
        "4" : 100.000000,
        "8" : 0.000000,
        "16" : 0.000000,
        "32" : 0.000000,
        "64" : 0.000000,
        ">=64" : 0.000000
      },
      "iodepth_complete" : {
        "0" : 0.000000,
        "4" : 100.000000,
        "8" : 0.000000,
        "16" : 0.000000,
        "32" : 0.000000,
        "64" : 0.000000,
        ">=64" : 0.000000
      },
      "latency_ns" : {
        "2" : 0.000000,
        "4" : 0.000000,
        "10" : 0.000000,
        "20" : 0.000000,
        "50" : 0.000000,
        "100" : 0.000000,
        "250" : 0.000000,
        "500" : 0.000000,
        "750" : 0.000000,
        "1000" : 0.000000
      },
      "latency_us" : {
        "2" : 0.000000,
        "4" : 0.000000,
        "10" : 0.000000,
        "20" : 0.227865,
        "50" : 11.230469,
        "100" : 29.467773,
        "250" : 22.493490,
        "500" : 7.584635,
        "750" : 5.517578,
        "1000" : 4.614258
      },
      "latency_ms" : {
        "2" : 11.409505,
        "4" : 5.582682,
        "10" : 1.668294,
        "20" : 0.122070,
        "50" : 0.024414,
        "100" : 0.040690,
        "250" : 0.010000,
        "500" : 0.010000,
        "750" : 0.000000,
        "1000" : 0.000000,
        "2000" : 0.000000,
        ">=2000" : 0.000000
      },
      "latency_depth" : 1,
      "latency_target" : 0,
      "latency_percentile" : 100.000000,
      "latency_window" : 0
    }
  ]
}
