{
  "fio version" : "fio-3.33",
  "timestamp" : 1747517108,
  "timestamp_ms" : 1747517108458,
  "time" : "Sat May 17 23:25:08 2025",
  "jobs" : [
    {
      "jobname" : "randread_8k_run6",
      "groupid" : 0,
      "error" : 0,
      "eta" : 0,
      "elapsed" : 4,
      "job options" : {
        "name" : "randread_8k_run6",
        "rw" : "randread",
        "bs" : "8k",
        "size" : "32m",
        "numjobs" : "3",
        "directory" : "/mnt/juicefs",
        "group_reporting" : "1"
      },
      "read" : {
        "io_bytes" : 100663296,
        "io_kbytes" : 98304,
        "bw_bytes" : 31895847,
        "bw" : 31148,
        "iops" : 3893.536122,
        "runtime" : 3156,
        "total_ios" : 12288,
        "short_ios" : 0,
        "drop_ios" : 0,
        "slat_ns" : {
          "min" : 0,
          "max" : 0,
          "mean" : 0.000000,
          "stddev" : 0.000000,
          "N" : 0
        },
        "clat_ns" : {
          "min" : 18455,
          "max" : 243493995,
          "mean" : 749023.438070,
          "stddev" : 3624936.636859,
          "N" : 12288,
          "percentile" : {
            "1.000000" : 21632,
            "5.000000" : 29824,
            "10.000000" : 46336,
            "20.000000" : 57600,
            "30.000000" : 75264,
            "40.000000" : 94720,
            "50.000000" : 120320,
            "60.000000" : 185344,
            "70.000000" : 460800,
            "80.000000" : 937984,
            "90.000000" : 1826816,
            "95.000000" : 2998272,
            "99.000000" : 7307264,
            "99.500000" : 10158080,
            "99.900000" : 16318464,
            "99.950000" : 72876032,
            "99.990000" : 158334976
          }
        },
        "lat_ns" : {
          "min" : 18535,
          "max" : 243494186,
          "mean" : 749202.858561,
          "stddev" : 3624956.264970,
          "N" : 12288
        },
        "bw_min" : 3497,
        "bw_max" : 46278,
        "bw_agg" : 99.080887,
        "bw_mean" : 30862.333333,
        "bw_dev" : 5227.462744,
        "bw_samples" : 18,
        "iops_min" : 436,
        "iops_max" : 5783,
        "iops_mean" : 3857.000000,
        "iops_stddev" : 653.386998,
        "iops_samples" : 18
      },
      "write" : {
        "io_bytes" : 0,
        "io_kbytes" : 0,
        "bw_bytes" : 0,
        "bw" : 0,
        "iops" : 0.000000,
        "runtime" : 0,
        "total_ios" : 0,
        "short_ios" : 0,
        "drop_ios" : 0,
        "slat_ns" : {
          "min" : 0,
          "max" : 0,
          "mean" : 0.000000,
          "stddev" : 0.000000,
          "N" : 0
        },
        "clat_ns" : {
          "min" : 0,
          "max" : 0,
          "mean" : 0.000000,
          "stddev" : 0.000000,
          "N" : 0
        },
        "lat_ns" : {
          "min" : 0,
          "max" : 0,
          "mean" : 0.000000,
          "stddev" : 0.000000,
          "N" : 0
        },
        "bw_min" : 0,
        "bw_max" : 0,
        "bw_agg" : 0.000000,
        "bw_mean" : 0.000000,
        "bw_dev" : 0.000000,
        "bw_samples" : 0,
        "iops_min" : 0,
        "iops_max" : 0,
        "iops_mean" : 0.000000,
        "iops_stddev" : 0.000000,
        "iops_samples" : 0
      },
      "trim" : {
        "io_bytes" : 0,
        "io_kbytes" : 0,
        "bw_bytes" : 0,
        "bw" : 0,
        "iops" : 0.000000,
        "runtime" : 0,
        "total_ios" : 0,
        "short_ios" : 0,
        "drop_ios" : 0,
        "slat_ns" : {
          "min" : 0,
          "max" : 0,
          "mean" : 0.000000,
          "stddev" : 0.000000,
          "N" : 0
        },
        "clat_ns" : {
          "min" : 0,
          "max" : 0,
          "mean" : 0.000000,
          "stddev" : 0.000000,
          "N" : 0
        },
        "lat_ns" : {
          "min" : 0,
          "max" : 0,
          "mean" : 0.000000,
          "stddev" : 0.000000,
          "N" : 0
        },
        "bw_min" : 0,
        "bw_max" : 0,
        "bw_agg" : 0.000000,
        "bw_mean" : 0.000000,
        "bw_dev" : 0.000000,
        "bw_samples" : 0,
        "iops_min" : 0,
        "iops_max" : 0,
        "iops_mean" : 0.000000,
        "iops_stddev" : 0.000000,
        "iops_samples" : 0
      },
      "sync" : {
        "total_ios" : 0,
        "lat_ns" : {
          "min" : 0,
          "max" : 0,
          "mean" : 0.000000,
          "stddev" : 0.000000,
          "N" : 0
        }
      },
      "job_runtime" : 9229,
      "usr_cpu" : 0.325062,
      "sys_cpu" : 3.380648,
      "ctx" : 12549,
      "majf" : 0,
      "minf" : 35,
      "iodepth_level" : {
        "1" : 100.000000,
        "2" : 0.000000,
        "4" : 0.000000,
        "8" : 0.000000,
        "16" : 0.000000,
        "32" : 0.000000,
        ">=64" : 0.000000
      },
      "iodepth_submit" : {
        "0" : 0.000000,
        "4" : 100.000000,
        "8" : 0.000000,
        "16" : 0.000000,
        "32" : 0.000000,
        "64" : 0.000000,
        ">=64" : 0.000000
      },
      "iodepth_complete" : {
        "0" : 0.000000,
        "4" : 100.000000,
        "8" : 0.000000,
        "16" : 0.000000,
        "32" : 0.000000,
        "64" : 0.000000,
        ">=64" : 0.000000
      },
      "latency_ns" : {
        "2" : 0.000000,
        "4" : 0.000000,
        "10" : 0.000000,
        "20" : 0.000000,
        "50" : 0.000000,
        "100" : 0.000000,
        "250" : 0.000000,
        "500" : 0.000000,
        "750" : 0.000000,
        "1000" : 0.000000
      },
      "latency_us" : {
        "2" : 0.000000,
        "4" : 0.000000,
        "10" : 0.000000,
        "20" : 0.301107,
        "50" : 13.362630,
        "100" : 28.987630,
        "250" : 21.101888,
        "500" : 7.210286,
        "750" : 5.468750,
        "1000" : 4.777018
      },
      "latency_ms" : {
        "2" : 10.009766,
        "4" : 5.647786,
        "10" : 2.604167,
        "20" : 0.447591,
        "50" : 0.010000,
        "100" : 0.040690,
        "250" : 0.032552,
        "500" : 0.000000,
        "750" : 0.000000,
        "1000" : 0.000000,
        "2000" : 0.000000,
        ">=2000" : 0.000000
      },
      "latency_depth" : 1,
      "latency_target" : 0,
      "latency_percentile" : 100.000000,
      "latency_window" : 0
    }
  ]
}
