{
  "fio version" : "fio-3.33",
  "timestamp" : 1747517116,
  "timestamp_ms" : 1747517116988,
  "time" : "Sat May 17 23:25:16 2025",
  "jobs" : [
    {
      "jobname" : "randread_8k_run8",
      "groupid" : 0,
      "error" : 0,
      "eta" : 0,
      "elapsed" : 4,
      "job options" : {
        "name" : "randread_8k_run8",
        "rw" : "randread",
        "bs" : "8k",
        "size" : "32m",
        "numjobs" : "3",
        "directory" : "/mnt/juicefs",
        "group_reporting" : "1"
      },
      "read" : {
        "io_bytes" : 100663296,
        "io_kbytes" : 98304,
        "bw_bytes" : 31001939,
        "bw" : 30275,
        "iops" : 3784.416384,
        "runtime" : 3247,
        "total_ios" : 12288,
        "short_ios" : 0,
        "drop_ios" : 0,
        "slat_ns" : {
          "min" : 0,
          "max" : 0,
          "mean" : 0.000000,
          "stddev" : 0.000000,
          "N" : 0
        },
        "clat_ns" : {
          "min" : 17904,
          "max" : 291127537,
          "mean" : 775305.916097,
          "stddev" : 4592407.452651,
          "N" : 12288,
          "percentile" : {
            "1.000000" : 20096,
            "5.000000" : 28544,
            "10.000000" : 45312,
            "20.000000" : 58112,
            "30.000000" : 77312,
            "40.000000" : 96768,
            "50.000000" : 125440,
            "60.000000" : 197632,
            "70.000000" : 477184,
            "80.000000" : 937984,
            "90.000000" : 1728512,
            "95.000000" : 2867200,
            "99.000000" : 7438336,
            "99.500000" : 10813440,
            "99.900000" : 27656192,
            "99.950000" : 52690944,
            "99.990000" : 258998272
          }
        },
        "lat_ns" : {
          "min" : 17974,
          "max" : 291127928,
          "mean" : 775504.874268,
          "stddev" : 4592418.938241,
          "N" : 12288
        },
        "bw_min" : 1717,
        "bw_max" : 44768,
        "bw_agg" : 96.725614,
        "bw_mean" : 29284.666667,
        "bw_dev" : 5021.130560,
        "bw_samples" : 18,
        "iops_min" : 213,
        "iops_max" : 5596,
        "iops_mean" : 3659.666667,
        "iops_stddev" : 627.825675,
        "iops_samples" : 18
      },
      "write" : {
        "io_bytes" : 0,
        "io_kbytes" : 0,
        "bw_bytes" : 0,
        "bw" : 0,
        "iops" : 0.000000,
        "runtime" : 0,
        "total_ios" : 0,
        "short_ios" : 0,
        "drop_ios" : 0,
        "slat_ns" : {
          "min" : 0,
          "max" : 0,
          "mean" : 0.000000,
          "stddev" : 0.000000,
          "N" : 0
        },
        "clat_ns" : {
          "min" : 0,
          "max" : 0,
          "mean" : 0.000000,
          "stddev" : 0.000000,
          "N" : 0
        },
        "lat_ns" : {
          "min" : 0,
          "max" : 0,
          "mean" : 0.000000,
          "stddev" : 0.000000,
          "N" : 0
        },
        "bw_min" : 0,
        "bw_max" : 0,
        "bw_agg" : 0.000000,
        "bw_mean" : 0.000000,
        "bw_dev" : 0.000000,
        "bw_samples" : 0,
        "iops_min" : 0,
        "iops_max" : 0,
        "iops_mean" : 0.000000,
        "iops_stddev" : 0.000000,
        "iops_samples" : 0
      },
      "trim" : {
        "io_bytes" : 0,
        "io_kbytes" : 0,
        "bw_bytes" : 0,
        "bw" : 0,
        "iops" : 0.000000,
        "runtime" : 0,
        "total_ios" : 0,
        "short_ios" : 0,
        "drop_ios" : 0,
        "slat_ns" : {
          "min" : 0,
          "max" : 0,
          "mean" : 0.000000,
          "stddev" : 0.000000,
          "N" : 0
        },
        "clat_ns" : {
          "min" : 0,
          "max" : 0,
          "mean" : 0.000000,
          "stddev" : 0.000000,
          "N" : 0
        },
        "lat_ns" : {
          "min" : 0,
          "max" : 0,
          "mean" : 0.000000,
          "stddev" : 0.000000,
          "N" : 0
        },
        "bw_min" : 0,
        "bw_max" : 0,
        "bw_agg" : 0.000000,
        "bw_mean" : 0.000000,
        "bw_dev" : 0.000000,
        "bw_samples" : 0,
        "iops_min" : 0,
        "iops_max" : 0,
        "iops_mean" : 0.000000,
        "iops_stddev" : 0.000000,
        "iops_samples" : 0
      },
      "sync" : {
        "total_ios" : 0,
        "lat_ns" : {
          "min" : 0,
          "max" : 0,
          "mean" : 0.000000,
          "stddev" : 0.000000,
          "N" : 0
        }
      },
      "job_runtime" : 9551,
      "usr_cpu" : 0.450215,
      "sys_cpu" : 3.057271,
      "ctx" : 12715,
      "majf" : 0,
      "minf" : 31,
      "iodepth_level" : {
        "1" : 100.000000,
        "2" : 0.000000,
        "4" : 0.000000,
        "8" : 0.000000,
        "16" : 0.000000,
        "32" : 0.000000,
        ">=64" : 0.000000
      },
      "iodepth_submit" : {
        "0" : 0.000000,
        "4" : 100.000000,
        "8" : 0.000000,
        "16" : 0.000000,
        "32" : 0.000000,
        "64" : 0.000000,
        ">=64" : 0.000000
      },
      "iodepth_complete" : {
        "0" : 0.000000,
        "4" : 100.000000,
        "8" : 0.000000,
        "16" : 0.000000,
        "32" : 0.000000,
        "64" : 0.000000,
        ">=64" : 0.000000
      },
      "latency_ns" : {
        "2" : 0.000000,
        "4" : 0.000000,
        "10" : 0.000000,
        "20" : 0.000000,
        "50" : 0.000000,
        "100" : 0.000000,
        "250" : 0.000000,
        "500" : 0.000000,
        "750" : 0.000000,
        "1000" : 0.000000
      },
      "latency_us" : {
        "2" : 0.000000,
        "4" : 0.000000,
        "10" : 0.000000,
        "20" : 1.025391,
        "50" : 13.102214,
        "100" : 27.644857,
        "250" : 21.093750,
        "500" : 7.666016,
        "750" : 5.533854,
        "1000" : 5.175781
      },
      "latency_ms" : {
        "2" : 10.400391,
        "4" : 5.257161,
        "10" : 2.555339,
        "20" : 0.398763,
        "50" : 0.089518,
        "100" : 0.016276,
        "250" : 0.024414,
        "500" : 0.016276,
        "750" : 0.000000,
        "1000" : 0.000000,
        "2000" : 0.000000,
        ">=2000" : 0.000000
      },
      "latency_depth" : 1,
      "latency_target" : 0,
      "latency_percentile" : 100.000000,
      "latency_window" : 0
    }
  ]
}
