{
  "fio version" : "fio-3.33",
  "timestamp" : 1747517103,
  "timestamp_ms" : 1747517103908,
  "time" : "Sat May 17 23:25:03 2025",
  "jobs" : [
    {
      "jobname" : "randread_8k_run5",
      "groupid" : 0,
      "error" : 0,
      "eta" : 0,
      "elapsed" : 4,
      "job options" : {
        "name" : "randread_8k_run5",
        "rw" : "randread",
        "bs" : "8k",
        "size" : "32m",
        "numjobs" : "3",
        "directory" : "/mnt/juicefs",
        "group_reporting" : "1"
      },
      "read" : {
        "io_bytes" : 100663296,
        "io_kbytes" : 98304,
        "bw_bytes" : 30292896,
        "bw" : 29582,
        "iops" : 3697.863376,
        "runtime" : 3323,
        "total_ios" : 12288,
        "short_ios" : 0,
        "drop_ios" : 0,
        "slat_ns" : {
          "min" : 0,
          "max" : 0,
          "mean" : 0.000000,
          "stddev" : 0.000000,
          "N" : 0
        },
        "clat_ns" : {
          "min" : 16371,
          "max" : 312917615,
          "mean" : 776101.629964,
          "stddev" : 3939797.558821,
          "N" : 12288,
          "percentile" : {
            "1.000000" : 22144,
            "5.000000" : 31872,
            "10.000000" : 47360,
            "20.000000" : 59136,
            "30.000000" : 77312,
            "40.000000" : 97792,
            "50.000000" : 128512,
            "60.000000" : 214016,
            "70.000000" : 544768,
            "80.000000" : 1028096,
            "90.000000" : 1908736,
            "95.000000" : 3063808,
            "99.000000" : 7372800,
            "99.500000" : 9633792,
            "99.900000" : 17956864,
            "99.950000" : 38010880,
            "99.990000" : 189792256
          }
        },
        "lat_ns" : {
          "min" : 16501,
          "max" : 312918096,
          "mean" : 776290.157471,
          "stddev" : 3939812.873277,
          "N" : 12288
        },
        "bw_min" : 5955,
        "bw_max" : 39134,
        "bw_agg" : 98.452126,
        "bw_mean" : 29125.666667,
        "bw_dev" : 3942.036129,
        "bw_samples" : 18,
        "iops_min" : 743,
        "iops_max" : 4891,
        "iops_mean" : 3640.000000,
        "iops_stddev" : 492.825567,
        "iops_samples" : 18
      },
      "write" : {
        "io_bytes" : 0,
        "io_kbytes" : 0,
        "bw_bytes" : 0,
        "bw" : 0,
        "iops" : 0.000000,
        "runtime" : 0,
        "total_ios" : 0,
        "short_ios" : 0,
        "drop_ios" : 0,
        "slat_ns" : {
          "min" : 0,
          "max" : 0,
          "mean" : 0.000000,
          "stddev" : 0.000000,
          "N" : 0
        },
        "clat_ns" : {
          "min" : 0,
          "max" : 0,
          "mean" : 0.000000,
          "stddev" : 0.000000,
          "N" : 0
        },
        "lat_ns" : {
          "min" : 0,
          "max" : 0,
          "mean" : 0.000000,
          "stddev" : 0.000000,
          "N" : 0
        },
        "bw_min" : 0,
        "bw_max" : 0,
        "bw_agg" : 0.000000,
        "bw_mean" : 0.000000,
        "bw_dev" : 0.000000,
        "bw_samples" : 0,
        "iops_min" : 0,
        "iops_max" : 0,
        "iops_mean" : 0.000000,
        "iops_stddev" : 0.000000,
        "iops_samples" : 0
      },
      "trim" : {
        "io_bytes" : 0,
        "io_kbytes" : 0,
        "bw_bytes" : 0,
        "bw" : 0,
        "iops" : 0.000000,
        "runtime" : 0,
        "total_ios" : 0,
        "short_ios" : 0,
        "drop_ios" : 0,
        "slat_ns" : {
          "min" : 0,
          "max" : 0,
          "mean" : 0.000000,
          "stddev" : 0.000000,
          "N" : 0
        },
        "clat_ns" : {
          "min" : 0,
          "max" : 0,
          "mean" : 0.000000,
          "stddev" : 0.000000,
          "N" : 0
        },
        "lat_ns" : {
          "min" : 0,
          "max" : 0,
          "mean" : 0.000000,
          "stddev" : 0.000000,
          "N" : 0
        },
        "bw_min" : 0,
        "bw_max" : 0,
        "bw_agg" : 0.000000,
        "bw_mean" : 0.000000,
        "bw_dev" : 0.000000,
        "bw_samples" : 0,
        "iops_min" : 0,
        "iops_max" : 0,
        "iops_mean" : 0.000000,
        "iops_stddev" : 0.000000,
        "iops_samples" : 0
      },
      "sync" : {
        "total_ios" : 0,
        "lat_ns" : {
          "min" : 0,
          "max" : 0,
          "mean" : 0.000000,
          "stddev" : 0.000000,
          "N" : 0
        }
      },
      "job_runtime" : 9574,
      "usr_cpu" : 0.584917,
      "sys_cpu" : 2.976812,
      "ctx" : 12614,
      "majf" : 0,
      "minf" : 34,
      "iodepth_level" : {
        "1" : 100.000000,
        "2" : 0.000000,
        "4" : 0.000000,
        "8" : 0.000000,
        "16" : 0.000000,
        "32" : 0.000000,
        ">=64" : 0.000000
      },
      "iodepth_submit" : {
        "0" : 0.000000,
        "4" : 100.000000,
        "8" : 0.000000,
        "16" : 0.000000,
        "32" : 0.000000,
        "64" : 0.000000,
        ">=64" : 0.000000
      },
      "iodepth_complete" : {
        "0" : 0.000000,
        "4" : 100.000000,
        "8" : 0.000000,
        "16" : 0.000000,
        "32" : 0.000000,
        "64" : 0.000000,
        ">=64" : 0.000000
      },
      "latency_ns" : {
        "2" : 0.000000,
        "4" : 0.000000,
        "10" : 0.000000,
        "20" : 0.000000,
        "50" : 0.000000,
        "100" : 0.000000,
        "250" : 0.000000,
        "500" : 0.000000,
        "750" : 0.000000,
        "1000" : 0.000000
      },
      "latency_us" : {
        "2" : 0.000000,
        "4" : 0.000000,
        "10" : 0.000000,
        "20" : 0.187174,
        "50" : 12.329102,
        "100" : 28.352865,
        "250" : 20.996094,
        "500" : 7.137044,
        "750" : 5.362956,
        "1000" : 5.004883
      },
      "latency_ms" : {
        "2" : 11.303711,
        "4" : 6.119792,
        "10" : 2.734375,
        "20" : 0.406901,
        "50" : 0.016276,
        "100" : 0.032552,
        "250" : 0.010000,
        "500" : 0.010000,
        "750" : 0.000000,
        "1000" : 0.000000,
        "2000" : 0.000000,
        ">=2000" : 0.000000
      },
      "latency_depth" : 1,
      "latency_target" : 0,
      "latency_percentile" : 100.000000,
      "latency_window" : 0
    }
  ]
}
