{
  "fio version" : "fio-3.33",
  "timestamp" : 1747516188,
  "timestamp_ms" : 1747516188762,
  "time" : "Sat May 17 23:09:48 2025",
  "jobs" : [
    {
      "jobname" : "randwrite_16k_run9",
      "groupid" : 0,
      "error" : 0,
      "eta" : 0,
      "elapsed" : 7,
      "job options" : {
        "name" : "randwrite_16k_run9",
        "rw" : "randwrite",
        "bs" : "16k",
        "size" : "32m",
        "numjobs" : "3",
        "directory" : "/mnt/juicefs",
        "group_reporting" : "1"
      },
      "read" : {
        "io_bytes" : 0,
        "io_kbytes" : 0,
        "bw_bytes" : 0,
        "bw" : 0,
        "iops" : 0.000000,
        "runtime" : 0,
        "total_ios" : 0,
        "short_ios" : 0,
        "drop_ios" : 0,
        "slat_ns" : {
          "min" : 0,
          "max" : 0,
          "mean" : 0.000000,
          "stddev" : 0.000000,
          "N" : 0
        },
        "clat_ns" : {
          "min" : 0,
          "max" : 0,
          "mean" : 0.000000,
          "stddev" : 0.000000,
          "N" : 0
        },
        "lat_ns" : {
          "min" : 0,
          "max" : 0,
          "mean" : 0.000000,
          "stddev" : 0.000000,
          "N" : 0
        },
        "bw_min" : 0,
        "bw_max" : 0,
        "bw_agg" : 0.000000,
        "bw_mean" : 0.000000,
        "bw_dev" : 0.000000,
        "bw_samples" : 0,
        "iops_min" : 0,
        "iops_max" : 0,
        "iops_mean" : 0.000000,
        "iops_stddev" : 0.000000,
        "iops_samples" : 0
      },
      "write" : {
        "io_bytes" : 100663296,
        "io_kbytes" : 98304,
        "bw_bytes" : 34367803,
        "bw" : 33562,
        "iops" : 2097.644247,
        "runtime" : 2929,
        "total_ios" : 6144,
        "short_ios" : 0,
        "drop_ios" : 0,
        "slat_ns" : {
          "min" : 0,
          "max" : 0,
          "mean" : 0.000000,
          "stddev" : 0.000000,
          "N" : 0
        },
        "clat_ns" : {
          "min" : 24817,
          "max" : 639194484,
          "mean" : 1343570.025228,
          "stddev" : 13999802.217272,
          "N" : 6144,
          "percentile" : {
            "1.000000" : 33536,
            "5.000000" : 46336,
            "10.000000" : 59648,
            "20.000000" : 81408,
            "30.000000" : 102912,
            "40.000000" : 134144,
            "50.000000" : 189440,
            "60.000000" : 1105920,
            "70.000000" : 1187840,
            "80.000000" : 1269760,
            "90.000000" : 1548288,
            "95.000000" : 3096576,
            "99.000000" : 12124160,
            "99.500000" : 17432576,
            "99.900000" : 58982400,
            "99.950000" : 100139008,
            "99.990000" : 641728512
          }
        },
        "lat_ns" : {
          "min" : 25398,
          "max" : 639195076,
          "mean" : 1344398.987467,
          "stddev" : 13999810.820357,
          "N" : 6144
        },
        "bw_min" : 10080,
        "bw_max" : 96478,
        "bw_agg" : 100.000000,
        "bw_mean" : 35344.600000,
        "bw_dev" : 10726.029621,
        "bw_samples" : 15,
        "iops_min" : 630,
        "iops_max" : 6028,
        "iops_mean" : 2208.400000,
        "iops_stddev" : 670.165545,
        "iops_samples" : 15
      },
      "trim" : {
        "io_bytes" : 0,
        "io_kbytes" : 0,
        "bw_bytes" : 0,
        "bw" : 0,
        "iops" : 0.000000,
        "runtime" : 0,
        "total_ios" : 0,
        "short_ios" : 0,
        "drop_ios" : 0,
        "slat_ns" : {
          "min" : 0,
          "max" : 0,
          "mean" : 0.000000,
          "stddev" : 0.000000,
          "N" : 0
        },
        "clat_ns" : {
          "min" : 0,
          "max" : 0,
          "mean" : 0.000000,
          "stddev" : 0.000000,
          "N" : 0
        },
        "lat_ns" : {
          "min" : 0,
          "max" : 0,
          "mean" : 0.000000,
          "stddev" : 0.000000,
          "N" : 0
        },
        "bw_min" : 0,
        "bw_max" : 0,
        "bw_agg" : 0.000000,
        "bw_mean" : 0.000000,
        "bw_dev" : 0.000000,
        "bw_samples" : 0,
        "iops_min" : 0,
        "iops_max" : 0,
        "iops_mean" : 0.000000,
        "iops_stddev" : 0.000000,
        "iops_samples" : 0
      },
      "sync" : {
        "total_ios" : 0,
        "lat_ns" : {
          "min" : 0,
          "max" : 0,
          "mean" : 0.000000,
          "stddev" : 0.000000,
          "N" : 0
        }
      },
      "job_runtime" : 8282,
      "usr_cpu" : 0.579570,
      "sys_cpu" : 2.982371,
      "ctx" : 7125,
      "majf" : 0,
      "minf" : 27,
      "iodepth_level" : {
        "1" : 100.000000,
        "2" : 0.000000,
        "4" : 0.000000,
        "8" : 0.000000,
        "16" : 0.000000,
        "32" : 0.000000,
        ">=64" : 0.000000
      },
      "iodepth_submit" : {
        "0" : 0.000000,
        "4" : 100.000000,
        "8" : 0.000000,
        "16" : 0.000000,
        "32" : 0.000000,
        "64" : 0.000000,
        ">=64" : 0.000000
      },
      "iodepth_complete" : {
        "0" : 0.000000,
        "4" : 100.000000,
        "8" : 0.000000,
        "16" : 0.000000,
        "32" : 0.000000,
        "64" : 0.000000,
        ">=64" : 0.000000
      },
      "latency_ns" : {
        "2" : 0.000000,
        "4" : 0.000000,
        "10" : 0.000000,
        "20" : 0.000000,
        "50" : 0.000000,
        "100" : 0.000000,
        "250" : 0.000000,
        "500" : 0.000000,
        "750" : 0.000000,
        "1000" : 0.000000
      },
      "latency_us" : {
        "2" : 0.000000,
        "4" : 0.000000,
        "10" : 0.000000,
        "20" : 0.000000,
        "50" : 6.266276,
        "100" : 22.428385,
        "250" : 25.504557,
        "500" : 3.889974,
        "750" : 0.797526,
        "1000" : 0.130208
      },
      "latency_ms" : {
        "2" : 32.470703,
        "4" : 4.524740,
        "10" : 2.555339,
        "20" : 0.992839,
        "50" : 0.325521,
        "100" : 0.048828,
        "250" : 0.016276,
        "500" : 0.000000,
        "750" : 0.048828,
        "1000" : 0.000000,
        "2000" : 0.000000,
        ">=2000" : 0.000000
      },
      "latency_depth" : 1,
      "latency_target" : 0,
      "latency_percentile" : 100.000000,
      "latency_window" : 0
    }
  ]
}
