{
  "fio version" : "fio-3.33",
  "timestamp" : 1747516147,
  "timestamp_ms" : 1747516147481,
  "time" : "Sat May 17 23:09:07 2025",
  "jobs" : [
    {
      "jobname" : "randwrite_16k_run3",
      "groupid" : 0,
      "error" : 0,
      "eta" : 0,
      "elapsed" : 7,
      "job options" : {
        "name" : "randwrite_16k_run3",
        "rw" : "randwrite",
        "bs" : "16k",
        "size" : "32m",
        "numjobs" : "3",
        "directory" : "/mnt/juicefs",
        "group_reporting" : "1"
      },
      "read" : {
        "io_bytes" : 0,
        "io_kbytes" : 0,
        "bw_bytes" : 0,
        "bw" : 0,
        "iops" : 0.000000,
        "runtime" : 0,
        "total_ios" : 0,
        "short_ios" : 0,
        "drop_ios" : 0,
        "slat_ns" : {
          "min" : 0,
          "max" : 0,
          "mean" : 0.000000,
          "stddev" : 0.000000,
          "N" : 0
        },
        "clat_ns" : {
          "min" : 0,
          "max" : 0,
          "mean" : 0.000000,
          "stddev" : 0.000000,
          "N" : 0
        },
        "lat_ns" : {
          "min" : 0,
          "max" : 0,
          "mean" : 0.000000,
          "stddev" : 0.000000,
          "N" : 0
        },
        "bw_min" : 0,
        "bw_max" : 0,
        "bw_agg" : 0.000000,
        "bw_mean" : 0.000000,
        "bw_dev" : 0.000000,
        "bw_samples" : 0,
        "iops_min" : 0,
        "iops_max" : 0,
        "iops_mean" : 0.000000,
        "iops_stddev" : 0.000000,
        "iops_samples" : 0
      },
      "write" : {
        "io_bytes" : 100663296,
        "io_kbytes" : 98304,
        "bw_bytes" : 39168597,
        "bw" : 38250,
        "iops" : 2390.661479,
        "runtime" : 2570,
        "total_ios" : 6144,
        "short_ios" : 0,
        "drop_ios" : 0,
        "slat_ns" : {
          "min" : 0,
          "max" : 0,
          "mean" : 0.000000,
          "stddev" : 0.000000,
          "N" : 0
        },
        "clat_ns" : {
          "min" : 30979,
          "max" : 328165256,
          "mean" : 1218713.389160,
          "stddev" : 6868596.802704,
          "N" : 6144,
          "percentile" : {
            "1.000000" : 42240,
            "5.000000" : 58624,
            "10.000000" : 70144,
            "20.000000" : 85504,
            "30.000000" : 101888,
            "40.000000" : 125440,
            "50.000000" : 171008,
            "60.000000" : 1105920,
            "70.000000" : 1187840,
            "80.000000" : 1269760,
            "90.000000" : 1646592,
            "95.000000" : 3293184,
            "99.000000" : 13828096,
            "99.500000" : 19791872,
            "99.900000" : 52166656,
            "99.950000" : 90701824,
            "99.990000" : 329252864
          }
        },
        "lat_ns" : {
          "min" : 31340,
          "max" : 328165627,
          "mean" : 1219468.432943,
          "stddev" : 6868632.649751,
          "N" : 6144
        },
        "bw_min" : 20416,
        "bw_max" : 97888,
        "bw_agg" : 100.000000,
        "bw_mean" : 39732.800000,
        "bw_dev" : 10564.347636,
        "bw_samples" : 14,
        "iops_min" : 1276,
        "iops_max" : 6118,
        "iops_mean" : 2483.300000,
        "iops_stddev" : 660.271727,
        "iops_samples" : 14
      },
      "trim" : {
        "io_bytes" : 0,
        "io_kbytes" : 0,
        "bw_bytes" : 0,
        "bw" : 0,
        "iops" : 0.000000,
        "runtime" : 0,
        "total_ios" : 0,
        "short_ios" : 0,
        "drop_ios" : 0,
        "slat_ns" : {
          "min" : 0,
          "max" : 0,
          "mean" : 0.000000,
          "stddev" : 0.000000,
          "N" : 0
        },
        "clat_ns" : {
          "min" : 0,
          "max" : 0,
          "mean" : 0.000000,
          "stddev" : 0.000000,
          "N" : 0
        },
        "lat_ns" : {
          "min" : 0,
          "max" : 0,
          "mean" : 0.000000,
          "stddev" : 0.000000,
          "N" : 0
        },
        "bw_min" : 0,
        "bw_max" : 0,
        "bw_agg" : 0.000000,
        "bw_mean" : 0.000000,
        "bw_dev" : 0.000000,
        "bw_samples" : 0,
        "iops_min" : 0,
        "iops_max" : 0,
        "iops_mean" : 0.000000,
        "iops_stddev" : 0.000000,
        "iops_samples" : 0
      },
      "sync" : {
        "total_ios" : 0,
        "lat_ns" : {
          "min" : 0,
          "max" : 0,
          "mean" : 0.000000,
          "stddev" : 0.000000,
          "N" : 0
        }
      },
      "job_runtime" : 7512,
      "usr_cpu" : 0.585729,
      "sys_cpu" : 3.474441,
      "ctx" : 7125,
      "majf" : 0,
      "minf" : 27,
      "iodepth_level" : {
        "1" : 100.000000,
        "2" : 0.000000,
        "4" : 0.000000,
        "8" : 0.000000,
        "16" : 0.000000,
        "32" : 0.000000,
        ">=64" : 0.000000
      },
      "iodepth_submit" : {
        "0" : 0.000000,
        "4" : 100.000000,
        "8" : 0.000000,
        "16" : 0.000000,
        "32" : 0.000000,
        "64" : 0.000000,
        ">=64" : 0.000000
      },
      "iodepth_complete" : {
        "0" : 0.000000,
        "4" : 100.000000,
        "8" : 0.000000,
        "16" : 0.000000,
        "32" : 0.000000,
        "64" : 0.000000,
        ">=64" : 0.000000
      },
      "latency_ns" : {
        "2" : 0.000000,
        "4" : 0.000000,
        "10" : 0.000000,
        "20" : 0.000000,
        "50" : 0.000000,
        "100" : 0.000000,
        "250" : 0.000000,
        "500" : 0.000000,
        "750" : 0.000000,
        "1000" : 0.000000
      },
      "latency_us" : {
        "2" : 0.000000,
        "4" : 0.000000,
        "10" : 0.000000,
        "20" : 0.000000,
        "50" : 2.539062,
        "100" : 26.123047,
        "250" : 27.115885,
        "500" : 3.027344,
        "750" : 0.423177,
        "1000" : 0.309245
      },
      "latency_ms" : {
        "2" : 31.510417,
        "4" : 4.638672,
        "10" : 2.425130,
        "20" : 1.399740,
        "50" : 0.374349,
        "100" : 0.065104,
        "250" : 0.016276,
        "500" : 0.032552,
        "750" : 0.000000,
        "1000" : 0.000000,
        "2000" : 0.000000,
        ">=2000" : 0.000000
      },
      "latency_depth" : 1,
      "latency_target" : 0,
      "latency_percentile" : 100.000000,
      "latency_window" : 0
    }
  ]
}
