{
  "fio version" : "fio-3.33",
  "timestamp" : 1747516154,
  "timestamp_ms" : 1747516154405,
  "time" : "Sat May 17 23:09:14 2025",
  "jobs" : [
    {
      "jobname" : "randwrite_16k_run4",
      "groupid" : 0,
      "error" : 0,
      "eta" : 0,
      "elapsed" : 7,
      "job options" : {
        "name" : "randwrite_16k_run4",
        "rw" : "randwrite",
        "bs" : "16k",
        "size" : "32m",
        "numjobs" : "3",
        "directory" : "/mnt/juicefs",
        "group_reporting" : "1"
      },
      "read" : {
        "io_bytes" : 0,
        "io_kbytes" : 0,
        "bw_bytes" : 0,
        "bw" : 0,
        "iops" : 0.000000,
        "runtime" : 0,
        "total_ios" : 0,
        "short_ios" : 0,
        "drop_ios" : 0,
        "slat_ns" : {
          "min" : 0,
          "max" : 0,
          "mean" : 0.000000,
          "stddev" : 0.000000,
          "N" : 0
        },
        "clat_ns" : {
          "min" : 0,
          "max" : 0,
          "mean" : 0.000000,
          "stddev" : 0.000000,
          "N" : 0
        },
        "lat_ns" : {
          "min" : 0,
          "max" : 0,
          "mean" : 0.000000,
          "stddev" : 0.000000,
          "N" : 0
        },
        "bw_min" : 0,
        "bw_max" : 0,
        "bw_agg" : 0.000000,
        "bw_mean" : 0.000000,
        "bw_dev" : 0.000000,
        "bw_samples" : 0,
        "iops_min" : 0,
        "iops_max" : 0,
        "iops_mean" : 0.000000,
        "iops_stddev" : 0.000000,
        "iops_samples" : 0
      },
      "write" : {
        "io_bytes" : 100663296,
        "io_kbytes" : 98304,
        "bw_bytes" : 32661679,
        "bw" : 31896,
        "iops" : 1993.510707,
        "runtime" : 3082,
        "total_ios" : 6144,
        "short_ios" : 0,
        "drop_ios" : 0,
        "slat_ns" : {
          "min" : 0,
          "max" : 0,
          "mean" : 0.000000,
          "stddev" : 0.000000,
          "N" : 0
        },
        "clat_ns" : {
          "min" : 26610,
          "max" : 859778267,
          "mean" : 1420835.806966,
          "stddev" : 16073303.126651,
          "N" : 6144,
          "percentile" : {
            "1.000000" : 30336,
            "5.000000" : 35072,
            "10.000000" : 44288,
            "20.000000" : 70144,
            "30.000000" : 94720,
            "40.000000" : 121344,
            "50.000000" : 175104,
            "60.000000" : 1122304,
            "70.000000" : 1187840,
            "80.000000" : 1286144,
            "90.000000" : 1646592,
            "95.000000" : 2473984,
            "99.000000" : 11468800,
            "99.500000" : 17170432,
            "99.900000" : 79167488,
            "99.950000" : 312475648,
            "99.990000" : 859832320
          }
        },
        "lat_ns" : {
          "min" : 26740,
          "max" : 859778798,
          "mean" : 1421544.384603,
          "stddev" : 16073309.612225,
          "N" : 6144
        },
        "bw_min" : 221,
        "bw_max" : 96541,
        "bw_agg" : 100.000000,
        "bw_mean" : 32885.266667,
        "bw_dev" : 11068.512641,
        "bw_samples" : 16,
        "iops_min" : 11,
        "iops_max" : 6031,
        "iops_mean" : 2054.266667,
        "iops_stddev" : 691.607178,
        "iops_samples" : 16
      },
      "trim" : {
        "io_bytes" : 0,
        "io_kbytes" : 0,
        "bw_bytes" : 0,
        "bw" : 0,
        "iops" : 0.000000,
        "runtime" : 0,
        "total_ios" : 0,
        "short_ios" : 0,
        "drop_ios" : 0,
        "slat_ns" : {
          "min" : 0,
          "max" : 0,
          "mean" : 0.000000,
          "stddev" : 0.000000,
          "N" : 0
        },
        "clat_ns" : {
          "min" : 0,
          "max" : 0,
          "mean" : 0.000000,
          "stddev" : 0.000000,
          "N" : 0
        },
        "lat_ns" : {
          "min" : 0,
          "max" : 0,
          "mean" : 0.000000,
          "stddev" : 0.000000,
          "N" : 0
        },
        "bw_min" : 0,
        "bw_max" : 0,
        "bw_agg" : 0.000000,
        "bw_mean" : 0.000000,
        "bw_dev" : 0.000000,
        "bw_samples" : 0,
        "iops_min" : 0,
        "iops_max" : 0,
        "iops_mean" : 0.000000,
        "iops_stddev" : 0.000000,
        "iops_samples" : 0
      },
      "sync" : {
        "total_ios" : 0,
        "lat_ns" : {
          "min" : 0,
          "max" : 0,
          "mean" : 0.000000,
          "stddev" : 0.000000,
          "N" : 0
        }
      },
      "job_runtime" : 8754,
      "usr_cpu" : 0.422664,
      "sys_cpu" : 2.855837,
      "ctx" : 7019,
      "majf" : 0,
      "minf" : 26,
      "iodepth_level" : {
        "1" : 100.000000,
        "2" : 0.000000,
        "4" : 0.000000,
        "8" : 0.000000,
        "16" : 0.000000,
        "32" : 0.000000,
        ">=64" : 0.000000
      },
      "iodepth_submit" : {
        "0" : 0.000000,
        "4" : 100.000000,
        "8" : 0.000000,
        "16" : 0.000000,
        "32" : 0.000000,
        "64" : 0.000000,
        ">=64" : 0.000000
      },
      "iodepth_complete" : {
        "0" : 0.000000,
        "4" : 100.000000,
        "8" : 0.000000,
        "16" : 0.000000,
        "32" : 0.000000,
        "64" : 0.000000,
        ">=64" : 0.000000
      },
      "latency_ns" : {
        "2" : 0.000000,
        "4" : 0.000000,
        "10" : 0.000000,
        "20" : 0.000000,
        "50" : 0.000000,
        "100" : 0.000000,
        "250" : 0.000000,
        "500" : 0.000000,
        "750" : 0.000000,
        "1000" : 0.000000
      },
      "latency_us" : {
        "2" : 0.000000,
        "4" : 0.000000,
        "10" : 0.000000,
        "20" : 0.000000,
        "50" : 12.027995,
        "100" : 20.117188,
        "250" : 22.379557,
        "500" : 2.929688,
        "750" : 0.618490,
        "1000" : 0.211589
      },
      "latency_ms" : {
        "2" : 33.154297,
        "4" : 5.566406,
        "10" : 1.790365,
        "20" : 0.813802,
        "50" : 0.162760,
        "100" : 0.130208,
        "250" : 0.032552,
        "500" : 0.016276,
        "750" : 0.032552,
        "1000" : 0.016276,
        "2000" : 0.000000,
        ">=2000" : 0.000000
      },
      "latency_depth" : 1,
      "latency_target" : 0,
      "latency_percentile" : 100.000000,
      "latency_window" : 0
    }
  ]
}
