{
  "fio version" : "fio-3.33",
  "timestamp" : 1747516134,
  "timestamp_ms" : 1747516134085,
  "time" : "Sat May 17 23:08:54 2025",
  "jobs" : [
    {
      "jobname" : "randwrite_16k_run1",
      "groupid" : 0,
      "error" : 0,
      "eta" : 0,
      "elapsed" : 6,
      "job options" : {
        "name" : "randwrite_16k_run1",
        "rw" : "randwrite",
        "bs" : "16k",
        "size" : "32m",
        "numjobs" : "3",
        "directory" : "/mnt/juicefs",
        "group_reporting" : "1"
      },
      "read" : {
        "io_bytes" : 0,
        "io_kbytes" : 0,
        "bw_bytes" : 0,
        "bw" : 0,
        "iops" : 0.000000,
        "runtime" : 0,
        "total_ios" : 0,
        "short_ios" : 0,
        "drop_ios" : 0,
        "slat_ns" : {
          "min" : 0,
          "max" : 0,
          "mean" : 0.000000,
          "stddev" : 0.000000,
          "N" : 0
        },
        "clat_ns" : {
          "min" : 0,
          "max" : 0,
          "mean" : 0.000000,
          "stddev" : 0.000000,
          "N" : 0
        },
        "lat_ns" : {
          "min" : 0,
          "max" : 0,
          "mean" : 0.000000,
          "stddev" : 0.000000,
          "N" : 0
        },
        "bw_min" : 0,
        "bw_max" : 0,
        "bw_agg" : 0.000000,
        "bw_mean" : 0.000000,
        "bw_dev" : 0.000000,
        "bw_samples" : 0,
        "iops_min" : 0,
        "iops_max" : 0,
        "iops_mean" : 0.000000,
        "iops_stddev" : 0.000000,
        "iops_samples" : 0
      },
      "write" : {
        "io_bytes" : 100663296,
        "io_kbytes" : 98304,
        "bw_bytes" : 50559164,
        "bw" : 49374,
        "iops" : 3085.886489,
        "runtime" : 1991,
        "total_ios" : 6144,
        "short_ios" : 0,
        "drop_ios" : 0,
        "slat_ns" : {
          "min" : 0,
          "max" : 0,
          "mean" : 0.000000,
          "stddev" : 0.000000,
          "N" : 0
        },
        "clat_ns" : {
          "min" : 27051,
          "max" : 65909362,
          "mean" : 937124.268880,
          "stddev" : 2343022.581060,
          "N" : 6144,
          "percentile" : {
            "1.000000" : 32640,
            "5.000000" : 41728,
            "10.000000" : 52992,
            "20.000000" : 74240,
            "30.000000" : 92672,
            "40.000000" : 116224,
            "50.000000" : 171008,
            "60.000000" : 897024,
            "70.000000" : 1171456,
            "80.000000" : 1253376,
            "90.000000" : 1482752,
            "95.000000" : 2506752,
            "99.000000" : 10813440,
            "99.500000" : 15007744,
            "99.900000" : 27394048,
            "99.950000" : 33161216,
            "99.990000" : 65798144
          }
        },
        "lat_ns" : {
          "min" : 27241,
          "max" : 65910444,
          "mean" : 937778.640788,
          "stddev" : 2343101.863397,
          "N" : 6144
        },
        "bw_min" : 20960,
        "bw_max" : 117376,
        "bw_agg" : 100.000000,
        "bw_mean" : 56000.000000,
        "bw_dev" : 15401.541048,
        "bw_samples" : 9,
        "iops_min" : 1310,
        "iops_max" : 7336,
        "iops_mean" : 3500.000000,
        "iops_stddev" : 962.596316,
        "iops_samples" : 9
      },
      "trim" : {
        "io_bytes" : 0,
        "io_kbytes" : 0,
        "bw_bytes" : 0,
        "bw" : 0,
        "iops" : 0.000000,
        "runtime" : 0,
        "total_ios" : 0,
        "short_ios" : 0,
        "drop_ios" : 0,
        "slat_ns" : {
          "min" : 0,
          "max" : 0,
          "mean" : 0.000000,
          "stddev" : 0.000000,
          "N" : 0
        },
        "clat_ns" : {
          "min" : 0,
          "max" : 0,
          "mean" : 0.000000,
          "stddev" : 0.000000,
          "N" : 0
        },
        "lat_ns" : {
          "min" : 0,
          "max" : 0,
          "mean" : 0.000000,
          "stddev" : 0.000000,
          "N" : 0
        },
        "bw_min" : 0,
        "bw_max" : 0,
        "bw_agg" : 0.000000,
        "bw_mean" : 0.000000,
        "bw_dev" : 0.000000,
        "bw_samples" : 0,
        "iops_min" : 0,
        "iops_max" : 0,
        "iops_mean" : 0.000000,
        "iops_stddev" : 0.000000,
        "iops_samples" : 0
      },
      "sync" : {
        "total_ios" : 0,
        "lat_ns" : {
          "min" : 0,
          "max" : 0,
          "mean" : 0.000000,
          "stddev" : 0.000000,
          "N" : 0
        }
      },
      "job_runtime" : 5778,
      "usr_cpu" : 0.640360,
      "sys_cpu" : 4.084458,
      "ctx" : 7064,
      "majf" : 0,
      "minf" : 25,
      "iodepth_level" : {
        "1" : 100.000000,
        "2" : 0.000000,
        "4" : 0.000000,
        "8" : 0.000000,
        "16" : 0.000000,
        "32" : 0.000000,
        ">=64" : 0.000000
      },
      "iodepth_submit" : {
        "0" : 0.000000,
        "4" : 100.000000,
        "8" : 0.000000,
        "16" : 0.000000,
        "32" : 0.000000,
        "64" : 0.000000,
        ">=64" : 0.000000
      },
      "iodepth_complete" : {
        "0" : 0.000000,
        "4" : 100.000000,
        "8" : 0.000000,
        "16" : 0.000000,
        "32" : 0.000000,
        "64" : 0.000000,
        ">=64" : 0.000000
      },
      "latency_ns" : {
        "2" : 0.000000,
        "4" : 0.000000,
        "10" : 0.000000,
        "20" : 0.000000,
        "50" : 0.000000,
        "100" : 0.000000,
        "250" : 0.000000,
        "500" : 0.000000,
        "750" : 0.000000,
        "1000" : 0.000000
      },
      "latency_us" : {
        "2" : 0.000000,
        "4" : 0.000000,
        "10" : 0.000000,
        "20" : 0.000000,
        "50" : 8.561198,
        "100" : 24.967448,
        "250" : 21.044922,
        "500" : 3.922526,
        "750" : 1.139323,
        "1000" : 0.488281
      },
      "latency_ms" : {
        "2" : 32.145182,
        "4" : 4.215495,
        "10" : 2.392578,
        "20" : 0.878906,
        "50" : 0.211589,
        "100" : 0.032552,
        "250" : 0.000000,
        "500" : 0.000000,
        "750" : 0.000000,
        "1000" : 0.000000,
        "2000" : 0.000000,
        ">=2000" : 0.000000
      },
      "latency_depth" : 1,
      "latency_target" : 0,
      "latency_percentile" : 100.000000,
      "latency_window" : 0
    }
  ]
}
