{
  "fio version" : "fio-3.33",
  "timestamp" : 1747516182,
  "timestamp_ms" : 1747516182104,
  "time" : "Sat May 17 23:09:42 2025",
  "jobs" : [
    {
      "jobname" : "randwrite_16k_run8",
      "groupid" : 0,
      "error" : 0,
      "eta" : 0,
      "elapsed" : 8,
      "job options" : {
        "name" : "randwrite_16k_run8",
        "rw" : "randwrite",
        "bs" : "16k",
        "size" : "32m",
        "numjobs" : "3",
        "directory" : "/mnt/juicefs",
        "group_reporting" : "1"
      },
      "read" : {
        "io_bytes" : 0,
        "io_kbytes" : 0,
        "bw_bytes" : 0,
        "bw" : 0,
        "iops" : 0.000000,
        "runtime" : 0,
        "total_ios" : 0,
        "short_ios" : 0,
        "drop_ios" : 0,
        "slat_ns" : {
          "min" : 0,
          "max" : 0,
          "mean" : 0.000000,
          "stddev" : 0.000000,
          "N" : 0
        },
        "clat_ns" : {
          "min" : 0,
          "max" : 0,
          "mean" : 0.000000,
          "stddev" : 0.000000,
          "N" : 0
        },
        "lat_ns" : {
          "min" : 0,
          "max" : 0,
          "mean" : 0.000000,
          "stddev" : 0.000000,
          "N" : 0
        },
        "bw_min" : 0,
        "bw_max" : 0,
        "bw_agg" : 0.000000,
        "bw_mean" : 0.000000,
        "bw_dev" : 0.000000,
        "bw_samples" : 0,
        "iops_min" : 0,
        "iops_max" : 0,
        "iops_mean" : 0.000000,
        "iops_stddev" : 0.000000,
        "iops_samples" : 0
      },
      "write" : {
        "io_bytes" : 100663296,
        "io_kbytes" : 98304,
        "bw_bytes" : 30347692,
        "bw" : 29636,
        "iops" : 1852.276153,
        "runtime" : 3317,
        "total_ios" : 6144,
        "short_ios" : 0,
        "drop_ios" : 0,
        "slat_ns" : {
          "min" : 0,
          "max" : 0,
          "mean" : 0.000000,
          "stddev" : 0.000000,
          "N" : 0
        },
        "clat_ns" : {
          "min" : 30207,
          "max" : 590414828,
          "mean" : 1590574.406087,
          "stddev" : 14223639.768083,
          "N" : 6144,
          "percentile" : {
            "1.000000" : 43264,
            "5.000000" : 58112,
            "10.000000" : 70144,
            "20.000000" : 86528,
            "30.000000" : 104960,
            "40.000000" : 128512,
            "50.000000" : 168960,
            "60.000000" : 1122304,
            "70.000000" : 1187840,
            "80.000000" : 1286144,
            "90.000000" : 2179072,
            "95.000000" : 4423680,
            "99.000000" : 15925248,
            "99.500000" : 21626880,
            "99.900000" : 164626432,
            "99.950000" : 265289728,
            "99.990000" : 591396864
          }
        },
        "lat_ns" : {
          "min" : 30518,
          "max" : 590415239,
          "mean" : 1591345.124837,
          "stddev" : 14223635.471832,
          "N" : 6144
        },
        "bw_min" : 352,
        "bw_max" : 96576,
        "bw_agg" : 100.000000,
        "bw_mean" : 30458.666667,
        "bw_dev" : 10522.805083,
        "bw_samples" : 18,
        "iops_min" : 22,
        "iops_max" : 6036,
        "iops_mean" : 1903.666667,
        "iops_stddev" : 657.675318,
        "iops_samples" : 18
      },
      "trim" : {
        "io_bytes" : 0,
        "io_kbytes" : 0,
        "bw_bytes" : 0,
        "bw" : 0,
        "iops" : 0.000000,
        "runtime" : 0,
        "total_ios" : 0,
        "short_ios" : 0,
        "drop_ios" : 0,
        "slat_ns" : {
          "min" : 0,
          "max" : 0,
          "mean" : 0.000000,
          "stddev" : 0.000000,
          "N" : 0
        },
        "clat_ns" : {
          "min" : 0,
          "max" : 0,
          "mean" : 0.000000,
          "stddev" : 0.000000,
          "N" : 0
        },
        "lat_ns" : {
          "min" : 0,
          "max" : 0,
          "mean" : 0.000000,
          "stddev" : 0.000000,
          "N" : 0
        },
        "bw_min" : 0,
        "bw_max" : 0,
        "bw_agg" : 0.000000,
        "bw_mean" : 0.000000,
        "bw_dev" : 0.000000,
        "bw_samples" : 0,
        "iops_min" : 0,
        "iops_max" : 0,
        "iops_mean" : 0.000000,
        "iops_stddev" : 0.000000,
        "iops_samples" : 0
      },
      "sync" : {
        "total_ios" : 0,
        "lat_ns" : {
          "min" : 0,
          "max" : 0,
          "mean" : 0.000000,
          "stddev" : 0.000000,
          "N" : 0
        }
      },
      "job_runtime" : 9797,
      "usr_cpu" : 0.581811,
      "sys_cpu" : 2.490558,
      "ctx" : 7247,
      "majf" : 0,
      "minf" : 32,
      "iodepth_level" : {
        "1" : 100.000000,
        "2" : 0.000000,
        "4" : 0.000000,
        "8" : 0.000000,
        "16" : 0.000000,
        "32" : 0.000000,
        ">=64" : 0.000000
      },
      "iodepth_submit" : {
        "0" : 0.000000,
        "4" : 100.000000,
        "8" : 0.000000,
        "16" : 0.000000,
        "32" : 0.000000,
        "64" : 0.000000,
        ">=64" : 0.000000
      },
      "iodepth_complete" : {
        "0" : 0.000000,
        "4" : 100.000000,
        "8" : 0.000000,
        "16" : 0.000000,
        "32" : 0.000000,
        "64" : 0.000000,
        ">=64" : 0.000000
      },
      "latency_ns" : {
        "2" : 0.000000,
        "4" : 0.000000,
        "10" : 0.000000,
        "20" : 0.000000,
        "50" : 0.000000,
        "100" : 0.000000,
        "250" : 0.000000,
        "500" : 0.000000,
        "750" : 0.000000,
        "1000" : 0.000000
      },
      "latency_us" : {
        "2" : 0.000000,
        "4" : 0.000000,
        "10" : 0.000000,
        "20" : 0.000000,
        "50" : 2.473958,
        "100" : 25.227865,
        "250" : 27.799479,
        "500" : 2.652995,
        "750" : 0.618490,
        "1000" : 0.195312
      },
      "latency_ms" : {
        "2" : 30.566406,
        "4" : 5.143229,
        "10" : 3.059896,
        "20" : 1.595052,
        "50" : 0.504557,
        "100" : 0.048828,
        "250" : 0.048828,
        "500" : 0.016276,
        "750" : 0.048828,
        "1000" : 0.000000,
        "2000" : 0.000000,
        ">=2000" : 0.000000
      },
      "latency_depth" : 1,
      "latency_target" : 0,
      "latency_percentile" : 100.000000,
      "latency_window" : 0
    }
  ]
}
