{
  "fio version" : "fio-3.33",
  "timestamp" : 1747516167,
  "timestamp_ms" : 1747516167611,
  "time" : "Sat May 17 23:09:27 2025",
  "jobs" : [
    {
      "jobname" : "randwrite_16k_run6",
      "groupid" : 0,
      "error" : 0,
      "eta" : 0,
      "elapsed" : 7,
      "job options" : {
        "name" : "randwrite_16k_run6",
        "rw" : "randwrite",
        "bs" : "16k",
        "size" : "32m",
        "numjobs" : "3",
        "directory" : "/mnt/juicefs",
        "group_reporting" : "1"
      },
      "read" : {
        "io_bytes" : 0,
        "io_kbytes" : 0,
        "bw_bytes" : 0,
        "bw" : 0,
        "iops" : 0.000000,
        "runtime" : 0,
        "total_ios" : 0,
        "short_ios" : 0,
        "drop_ios" : 0,
        "slat_ns" : {
          "min" : 0,
          "max" : 0,
          "mean" : 0.000000,
          "stddev" : 0.000000,
          "N" : 0
        },
        "clat_ns" : {
          "min" : 0,
          "max" : 0,
          "mean" : 0.000000,
          "stddev" : 0.000000,
          "N" : 0
        },
        "lat_ns" : {
          "min" : 0,
          "max" : 0,
          "mean" : 0.000000,
          "stddev" : 0.000000,
          "N" : 0
        },
        "bw_min" : 0,
        "bw_max" : 0,
        "bw_agg" : 0.000000,
        "bw_mean" : 0.000000,
        "bw_dev" : 0.000000,
        "bw_samples" : 0,
        "iops_min" : 0,
        "iops_max" : 0,
        "iops_mean" : 0.000000,
        "iops_stddev" : 0.000000,
        "iops_samples" : 0
      },
      "write" : {
        "io_bytes" : 100663296,
        "io_kbytes" : 98304,
        "bw_bytes" : 27946500,
        "bw" : 27291,
        "iops" : 1705.719045,
        "runtime" : 3602,
        "total_ios" : 6144,
        "short_ios" : 0,
        "drop_ios" : 0,
        "slat_ns" : {
          "min" : 0,
          "max" : 0,
          "mean" : 0.000000,
          "stddev" : 0.000000,
          "N" : 0
        },
        "clat_ns" : {
          "min" : 27903,
          "max" : 553013596,
          "mean" : 1740236.213867,
          "stddev" : 12107819.867817,
          "N" : 6144,
          "percentile" : {
            "1.000000" : 33024,
            "5.000000" : 45824,
            "10.000000" : 58624,
            "20.000000" : 75264,
            "30.000000" : 90624,
            "40.000000" : 117248,
            "50.000000" : 175104,
            "60.000000" : 1122304,
            "70.000000" : 1204224,
            "80.000000" : 1384448,
            "90.000000" : 2441216,
            "95.000000" : 7045120,
            "99.000000" : 20840448,
            "99.500000" : 25821184,
            "99.900000" : 35913728,
            "99.950000" : 57933824,
            "99.990000" : 549453824
          }
        },
        "lat_ns" : {
          "min" : 28074,
          "max" : 553013896,
          "mean" : 1741124.605794,
          "stddev" : 12107861.893276,
          "N" : 6144
        },
        "bw_min" : 5195,
        "bw_max" : 96576,
        "bw_agg" : 99.279981,
        "bw_mean" : 27095.000000,
        "bw_dev" : 10273.170038,
        "bw_samples" : 21,
        "iops_min" : 324,
        "iops_max" : 6036,
        "iops_mean" : 1692.857143,
        "iops_stddev" : 642.147502,
        "iops_samples" : 21
      },
      "trim" : {
        "io_bytes" : 0,
        "io_kbytes" : 0,
        "bw_bytes" : 0,
        "bw" : 0,
        "iops" : 0.000000,
        "runtime" : 0,
        "total_ios" : 0,
        "short_ios" : 0,
        "drop_ios" : 0,
        "slat_ns" : {
          "min" : 0,
          "max" : 0,
          "mean" : 0.000000,
          "stddev" : 0.000000,
          "N" : 0
        },
        "clat_ns" : {
          "min" : 0,
          "max" : 0,
          "mean" : 0.000000,
          "stddev" : 0.000000,
          "N" : 0
        },
        "lat_ns" : {
          "min" : 0,
          "max" : 0,
          "mean" : 0.000000,
          "stddev" : 0.000000,
          "N" : 0
        },
        "bw_min" : 0,
        "bw_max" : 0,
        "bw_agg" : 0.000000,
        "bw_mean" : 0.000000,
        "bw_dev" : 0.000000,
        "bw_samples" : 0,
        "iops_min" : 0,
        "iops_max" : 0,
        "iops_mean" : 0.000000,
        "iops_stddev" : 0.000000,
        "iops_samples" : 0
      },
      "sync" : {
        "total_ios" : 0,
        "lat_ns" : {
          "min" : 0,
          "max" : 0,
          "mean" : 0.000000,
          "stddev" : 0.000000,
          "N" : 0
        }
      },
      "job_runtime" : 10740,
      "usr_cpu" : 0.465549,
      "sys_cpu" : 2.523277,
      "ctx" : 7312,
      "majf" : 0,
      "minf" : 35,
      "iodepth_level" : {
        "1" : 100.000000,
        "2" : 0.000000,
        "4" : 0.000000,
        "8" : 0.000000,
        "16" : 0.000000,
        "32" : 0.000000,
        ">=64" : 0.000000
      },
      "iodepth_submit" : {
        "0" : 0.000000,
        "4" : 100.000000,
        "8" : 0.000000,
        "16" : 0.000000,
        "32" : 0.000000,
        "64" : 0.000000,
        ">=64" : 0.000000
      },
      "iodepth_complete" : {
        "0" : 0.000000,
        "4" : 100.000000,
        "8" : 0.000000,
        "16" : 0.000000,
        "32" : 0.000000,
        "64" : 0.000000,
        ">=64" : 0.000000
      },
      "latency_ns" : {
        "2" : 0.000000,
        "4" : 0.000000,
        "10" : 0.000000,
        "20" : 0.000000,
        "50" : 0.000000,
        "100" : 0.000000,
        "250" : 0.000000,
        "500" : 0.000000,
        "750" : 0.000000,
        "1000" : 0.000000
      },
      "latency_us" : {
        "2" : 0.000000,
        "4" : 0.000000,
        "10" : 0.000000,
        "20" : 0.000000,
        "50" : 6.363932,
        "100" : 27.848307,
        "250" : 19.303385,
        "500" : 2.962240,
        "750" : 0.878906,
        "1000" : 0.472005
      },
      "latency_ms" : {
        "2" : 28.287760,
        "4" : 7.291667,
        "10" : 2.734375,
        "20" : 2.701823,
        "50" : 1.074219,
        "100" : 0.032552,
        "250" : 0.000000,
        "500" : 0.000000,
        "750" : 0.048828,
        "1000" : 0.000000,
        "2000" : 0.000000,
        ">=2000" : 0.000000
      },
      "latency_depth" : 1,
      "latency_target" : 0,
      "latency_percentile" : 100.000000,
      "latency_window" : 0
    }
  ]
}
