{
  "fio version" : "fio-3.33",
  "timestamp" : 1747515539,
  "timestamp_ms" : 1747515539092,
  "time" : "Sat May 17 22:58:59 2025",
  "jobs" : [
    {
      "jobname" : "randread_8k_run1",
      "groupid" : 0,
      "error" : 0,
      "eta" : 2147483647,
      "elapsed" : 1,
      "job options" : {
        "name" : "randread_8k_run1",
        "rw" : "randread",
        "bs" : "8k",
        "size" : "8m",
        "numjobs" : "3",
        "directory" : "/mnt/juicefs",
        "group_reporting" : "1"
      },
      "read" : {
        "io_bytes" : 25165824,
        "io_kbytes" : 24576,
        "bw_bytes" : 31734960,
        "bw" : 30991,
        "iops" : 3873.896595,
        "runtime" : 793,
        "total_ios" : 3072,
        "short_ios" : 0,
        "drop_ios" : 0,
        "slat_ns" : {
          "min" : 0,
          "max" : 0,
          "mean" : 0.000000,
          "stddev" : 0.000000,
          "N" : 0
        },
        "clat_ns" : {
          "min" : 14959,
          "max" : 203367842,
          "mean" : 672341.212565,
          "stddev" : 7238388.018564,
          "N" : 3072,
          "percentile" : {
            "1.000000" : 19328,
            "5.000000" : 22144,
            "10.000000" : 24960,
            "20.000000" : 33536,
            "30.000000" : 44800,
            "40.000000" : 55040,
            "50.000000" : 63232,
            "60.000000" : 73216,
            "70.000000" : 82432,
            "80.000000" : 103936,
            "90.000000" : 179200,
            "95.000000" : 618496,
            "99.000000" : 11468800,
            "99.500000" : 21626880,
            "99.900000" : 131596288,
            "99.950000" : 198180864,
            "99.990000" : 202375168
          }
        },
        "lat_ns" : {
          "min" : 15029,
          "max" : 203368824,
          "mean" : 675200.625326,
          "stddev" : 7239297.172414,
          "N" : 3072
        },
        "bw_min" : 12606,
        "bw_max" : 12606,
        "bw_agg" : 40.676100,
        "bw_mean" : 12606.000000,
        "bw_dev" : 0.000000,
        "bw_samples" : 3,
        "iops_min" : 1575,
        "iops_max" : 1575,
        "iops_mean" : 1575.000000,
        "iops_stddev" : 0.000000,
        "iops_samples" : 3
      },
      "write" : {
        "io_bytes" : 0,
        "io_kbytes" : 0,
        "bw_bytes" : 0,
        "bw" : 0,
        "iops" : 0.000000,
        "runtime" : 0,
        "total_ios" : 0,
        "short_ios" : 0,
        "drop_ios" : 0,
        "slat_ns" : {
          "min" : 0,
          "max" : 0,
          "mean" : 0.000000,
          "stddev" : 0.000000,
          "N" : 0
        },
        "clat_ns" : {
          "min" : 0,
          "max" : 0,
          "mean" : 0.000000,
          "stddev" : 0.000000,
          "N" : 0
        },
        "lat_ns" : {
          "min" : 0,
          "max" : 0,
          "mean" : 0.000000,
          "stddev" : 0.000000,
          "N" : 0
        },
        "bw_min" : 0,
        "bw_max" : 0,
        "bw_agg" : 0.000000,
        "bw_mean" : 0.000000,
        "bw_dev" : 0.000000,
        "bw_samples" : 0,
        "iops_min" : 0,
        "iops_max" : 0,
        "iops_mean" : 0.000000,
        "iops_stddev" : 0.000000,
        "iops_samples" : 0
      },
      "trim" : {
        "io_bytes" : 0,
        "io_kbytes" : 0,
        "bw_bytes" : 0,
        "bw" : 0,
        "iops" : 0.000000,
        "runtime" : 0,
        "total_ios" : 0,
        "short_ios" : 0,
        "drop_ios" : 0,
        "slat_ns" : {
          "min" : 0,
          "max" : 0,
          "mean" : 0.000000,
          "stddev" : 0.000000,
          "N" : 0
        },
        "clat_ns" : {
          "min" : 0,
          "max" : 0,
          "mean" : 0.000000,
          "stddev" : 0.000000,
          "N" : 0
        },
        "lat_ns" : {
          "min" : 0,
          "max" : 0,
          "mean" : 0.000000,
          "stddev" : 0.000000,
          "N" : 0
        },
        "bw_min" : 0,
        "bw_max" : 0,
        "bw_agg" : 0.000000,
        "bw_mean" : 0.000000,
        "bw_dev" : 0.000000,
        "bw_samples" : 0,
        "iops_min" : 0,
        "iops_max" : 0,
        "iops_mean" : 0.000000,
        "iops_stddev" : 0.000000,
        "iops_samples" : 0
      },
      "sync" : {
        "total_ios" : 0,
        "lat_ns" : {
          "min" : 0,
          "max" : 0,
          "mean" : 0.000000,
          "stddev" : 0.000000,
          "N" : 0
        }
      },
      "job_runtime" : 2094,
      "usr_cpu" : 0.859599,
      "sys_cpu" : 6.446991,
      "ctx" : 3218,
      "majf" : 0,
      "minf" : 36,
      "iodepth_level" : {
        "1" : 100.000000,
        "2" : 0.000000,
        "4" : 0.000000,
        "8" : 0.000000,
        "16" : 0.000000,
        "32" : 0.000000,
        ">=64" : 0.000000
      },
      "iodepth_submit" : {
        "0" : 0.000000,
        "4" : 100.000000,
        "8" : 0.000000,
        "16" : 0.000000,
        "32" : 0.000000,
        "64" : 0.000000,
        ">=64" : 0.000000
      },
      "iodepth_complete" : {
        "0" : 0.000000,
        "4" : 100.000000,
        "8" : 0.000000,
        "16" : 0.000000,
        "32" : 0.000000,
        "64" : 0.000000,
        ">=64" : 0.000000
      },
      "latency_ns" : {
        "2" : 0.000000,
        "4" : 0.000000,
        "10" : 0.000000,
        "20" : 0.000000,
        "50" : 0.000000,
        "100" : 0.000000,
        "250" : 0.000000,
        "500" : 0.000000,
        "750" : 0.000000,
        "1000" : 0.000000
      },
      "latency_us" : {
        "2" : 0.000000,
        "4" : 0.000000,
        "10" : 0.000000,
        "20" : 1.660156,
        "50" : 33.365885,
        "100" : 43.977865,
        "250" : 13.281250,
        "500" : 2.180990,
        "750" : 1.171875,
        "1000" : 0.716146
      },
      "latency_ms" : {
        "2" : 0.553385,
        "4" : 0.520833,
        "10" : 1.432292,
        "20" : 0.618490,
        "50" : 0.292969,
        "100" : 0.065104,
        "250" : 0.162760,
        "500" : 0.000000,
        "750" : 0.000000,
        "1000" : 0.000000,
        "2000" : 0.000000,
        ">=2000" : 0.000000
      },
      "latency_depth" : 1,
      "latency_target" : 0,
      "latency_percentile" : 100.000000,
      "latency_window" : 0
    }
  ]
}
