{
  "fio version" : "fio-3.33",
  "timestamp" : 1747516259,
  "timestamp_ms" : 1747516259661,
  "time" : "Sat May 17 23:10:59 2025",
  "jobs" : [
    {
      "jobname" : "read_8k_run6",
      "groupid" : 0,
      "error" : 0,
      "eta" : 2147483647,
      "elapsed" : 1,
      "job options" : {
        "name" : "read_8k_run6",
        "rw" : "read",
        "bs" : "8k",
        "size" : "32m",
        "numjobs" : "3",
        "directory" : "/mnt/juicefs",
        "group_reporting" : "1"
      },
      "read" : {
        "io_bytes" : 100663296,
        "io_kbytes" : 98304,
        "bw_bytes" : 130055937,
        "bw" : 127007,
        "iops" : 15875.968992,
        "runtime" : 774,
        "total_ios" : 12288,
        "short_ios" : 0,
        "drop_ios" : 0,
        "slat_ns" : {
          "min" : 0,
          "max" : 0,
          "mean" : 0.000000,
          "stddev" : 0.000000,
          "N" : 0
        },
        "clat_ns" : {
          "min" : 1002,
          "max" : 504723563,
          "mean" : 107203.052653,
          "stddev" : 5115008.032293,
          "N" : 12288,
          "percentile" : {
            "1.000000" : 1020,
            "5.000000" : 1032,
            "10.000000" : 1048,
            "20.000000" : 1048,
            "30.000000" : 1080,
            "40.000000" : 1096,
            "50.000000" : 1160,
            "60.000000" : 1352,
            "70.000000" : 1448,
            "80.000000" : 1592,
            "90.000000" : 1880,
            "95.000000" : 2512,
            "99.000000" : 124416,
            "99.500000" : 325632,
            "99.900000" : 4947968,
            "99.950000" : 42205184,
            "99.990000" : 166723584
          }
        },
        "lat_ns" : {
          "min" : 1042,
          "max" : 504723603,
          "mean" : 107266.523437,
          "stddev" : 5115008.622902,
          "N" : 12288
        },
        "bw_min" : 57165,
        "bw_max" : 57165,
        "bw_agg" : 45.009064,
        "bw_mean" : 57165.000000,
        "bw_dev" : 0.000000,
        "bw_samples" : 1,
        "iops_min" : 7145,
        "iops_max" : 7145,
        "iops_mean" : 7145.000000,
        "iops_stddev" : 0.000000,
        "iops_samples" : 1
      },
      "write" : {
        "io_bytes" : 0,
        "io_kbytes" : 0,
        "bw_bytes" : 0,
        "bw" : 0,
        "iops" : 0.000000,
        "runtime" : 0,
        "total_ios" : 0,
        "short_ios" : 0,
        "drop_ios" : 0,
        "slat_ns" : {
          "min" : 0,
          "max" : 0,
          "mean" : 0.000000,
          "stddev" : 0.000000,
          "N" : 0
        },
        "clat_ns" : {
          "min" : 0,
          "max" : 0,
          "mean" : 0.000000,
          "stddev" : 0.000000,
          "N" : 0
        },
        "lat_ns" : {
          "min" : 0,
          "max" : 0,
          "mean" : 0.000000,
          "stddev" : 0.000000,
          "N" : 0
        },
        "bw_min" : 0,
        "bw_max" : 0,
        "bw_agg" : 0.000000,
        "bw_mean" : 0.000000,
        "bw_dev" : 0.000000,
        "bw_samples" : 0,
        "iops_min" : 0,
        "iops_max" : 0,
        "iops_mean" : 0.000000,
        "iops_stddev" : 0.000000,
        "iops_samples" : 0
      },
      "trim" : {
        "io_bytes" : 0,
        "io_kbytes" : 0,
        "bw_bytes" : 0,
        "bw" : 0,
        "iops" : 0.000000,
        "runtime" : 0,
        "total_ios" : 0,
        "short_ios" : 0,
        "drop_ios" : 0,
        "slat_ns" : {
          "min" : 0,
          "max" : 0,
          "mean" : 0.000000,
          "stddev" : 0.000000,
          "N" : 0
        },
        "clat_ns" : {
          "min" : 0,
          "max" : 0,
          "mean" : 0.000000,
          "stddev" : 0.000000,
          "N" : 0
        },
        "lat_ns" : {
          "min" : 0,
          "max" : 0,
          "mean" : 0.000000,
          "stddev" : 0.000000,
          "N" : 0
        },
        "bw_min" : 0,
        "bw_max" : 0,
        "bw_agg" : 0.000000,
        "bw_mean" : 0.000000,
        "bw_dev" : 0.000000,
        "bw_samples" : 0,
        "iops_min" : 0,
        "iops_max" : 0,
        "iops_mean" : 0.000000,
        "iops_stddev" : 0.000000,
        "iops_samples" : 0
      },
      "sync" : {
        "total_ios" : 0,
        "lat_ns" : {
          "min" : 0,
          "max" : 0,
          "mean" : 0.000000,
          "stddev" : 0.000000,
          "N" : 0
        }
      },
      "job_runtime" : 1323,
      "usr_cpu" : 0.151172,
      "sys_cpu" : 5.139834,
      "ctx" : 121,
      "majf" : 0,
      "minf" : 40,
      "iodepth_level" : {
        "1" : 100.000000,
        "2" : 0.000000,
        "4" : 0.000000,
        "8" : 0.000000,
        "16" : 0.000000,
        "32" : 0.000000,
        ">=64" : 0.000000
      },
      "iodepth_submit" : {
        "0" : 0.000000,
        "4" : 100.000000,
        "8" : 0.000000,
        "16" : 0.000000,
        "32" : 0.000000,
        "64" : 0.000000,
        ">=64" : 0.000000
      },
      "iodepth_complete" : {
        "0" : 0.000000,
        "4" : 100.000000,
        "8" : 0.000000,
        "16" : 0.000000,
        "32" : 0.000000,
        "64" : 0.000000,
        ">=64" : 0.000000
      },
      "latency_ns" : {
        "2" : 0.000000,
        "4" : 0.000000,
        "10" : 0.000000,
        "20" : 0.000000,
        "50" : 0.000000,
        "100" : 0.000000,
        "250" : 0.000000,
        "500" : 0.000000,
        "750" : 0.000000,
        "1000" : 0.000000
      },
      "latency_us" : {
        "2" : 91.975911,
        "4" : 3.873698,
        "10" : 0.130208,
        "20" : 0.105794,
        "50" : 0.349935,
        "100" : 2.001953,
        "250" : 0.992839,
        "500" : 0.195312,
        "750" : 0.089518,
        "1000" : 0.032552
      },
      "latency_ms" : {
        "2" : 0.073242,
        "4" : 0.073242,
        "10" : 0.010000,
        "20" : 0.016276,
        "50" : 0.032552,
        "100" : 0.024414,
        "250" : 0.016276,
        "500" : 0.000000,
        "750" : 0.010000,
        "1000" : 0.000000,
        "2000" : 0.000000,
        ">=2000" : 0.000000
      },
      "latency_depth" : 1,
      "latency_target" : 0,
      "latency_percentile" : 100.000000,
      "latency_window" : 0
    }
  ]
}
