{
  "fio version" : "fio-3.33",
  "timestamp" : 1747476214,
  "timestamp_ms" : 1747476214514,
  "time" : "Sat May 17 12:03:34 2025",
  "jobs" : [
    {
      "jobname" : "read_16k_run8",
      "groupid" : 0,
      "error" : 0,
      "eta" : 2147483647,
      "elapsed" : 1,
      "job options" : {
        "name" : "read_16k_run8",
        "rw" : "read",
        "bs" : "16k",
        "size" : "8m",
        "numjobs" : "3",
        "directory" : "/mnt/mfs",
        "group_reporting" : "1"
      },
      "read" : {
        "io_bytes" : 25165824,
        "io_kbytes" : 24576,
        "bw_bytes" : 147168561,
        "bw" : 143719,
        "iops" : 8982.456140,
        "runtime" : 171,
        "total_ios" : 1536,
        "short_ios" : 0,
        "drop_ios" : 0,
        "slat_ns" : {
          "min" : 0,
          "max" : 0,
          "mean" : 0.000000,
          "stddev" : 0.000000,
          "N" : 0
        },
        "clat_ns" : {
          "min" : 1262,
          "max" : 62046268,
          "mean" : 310538.606120,
          "stddev" : 2933325.105219,
          "N" : 1536,
          "percentile" : {
            "1.000000" : 1272,
            "5.000000" : 1288,
            "10.000000" : 1320,
            "20.000000" : 1368,
            "30.000000" : 1608,
            "40.000000" : 1672,
            "50.000000" : 1832,
            "60.000000" : 2064,
            "70.000000" : 2288,
            "80.000000" : 2576,
            "90.000000" : 3728,
            "95.000000" : 111104,
            "99.000000" : 6979584,
            "99.500000" : 17170432,
            "99.900000" : 49020928,
            "99.950000" : 62128128,
            "99.990000" : 62128128
          }
        },
        "lat_ns" : {
          "min" : 1282,
          "max" : 62046308,
          "mean" : 310644.950521,
          "stddev" : 2933323.888053,
          "N" : 1536
        },
        "bw_min" : 0,
        "bw_max" : 0,
        "bw_agg" : 0.000000,
        "bw_mean" : 0.000000,
        "bw_dev" : 0.000000,
        "bw_samples" : 0,
        "iops_min" : 0,
        "iops_max" : 0,
        "iops_mean" : 0.000000,
        "iops_stddev" : 0.000000,
        "iops_samples" : 0
      },
      "write" : {
        "io_bytes" : 0,
        "io_kbytes" : 0,
        "bw_bytes" : 0,
        "bw" : 0,
        "iops" : 0.000000,
        "runtime" : 0,
        "total_ios" : 0,
        "short_ios" : 0,
        "drop_ios" : 0,
        "slat_ns" : {
          "min" : 0,
          "max" : 0,
          "mean" : 0.000000,
          "stddev" : 0.000000,
          "N" : 0
        },
        "clat_ns" : {
          "min" : 0,
          "max" : 0,
          "mean" : 0.000000,
          "stddev" : 0.000000,
          "N" : 0
        },
        "lat_ns" : {
          "min" : 0,
          "max" : 0,
          "mean" : 0.000000,
          "stddev" : 0.000000,
          "N" : 0
        },
        "bw_min" : 0,
        "bw_max" : 0,
        "bw_agg" : 0.000000,
        "bw_mean" : 0.000000,
        "bw_dev" : 0.000000,
        "bw_samples" : 0,
        "iops_min" : 0,
        "iops_max" : 0,
        "iops_mean" : 0.000000,
        "iops_stddev" : 0.000000,
        "iops_samples" : 0
      },
      "trim" : {
        "io_bytes" : 0,
        "io_kbytes" : 0,
        "bw_bytes" : 0,
        "bw" : 0,
        "iops" : 0.000000,
        "runtime" : 0,
        "total_ios" : 0,
        "short_ios" : 0,
        "drop_ios" : 0,
        "slat_ns" : {
          "min" : 0,
          "max" : 0,
          "mean" : 0.000000,
          "stddev" : 0.000000,
          "N" : 0
        },
        "clat_ns" : {
          "min" : 0,
          "max" : 0,
          "mean" : 0.000000,
          "stddev" : 0.000000,
          "N" : 0
        },
        "lat_ns" : {
          "min" : 0,
          "max" : 0,
          "mean" : 0.000000,
          "stddev" : 0.000000,
          "N" : 0
        },
        "bw_min" : 0,
        "bw_max" : 0,
        "bw_agg" : 0.000000,
        "bw_mean" : 0.000000,
        "bw_dev" : 0.000000,
        "bw_samples" : 0,
        "iops_min" : 0,
        "iops_max" : 0,
        "iops_mean" : 0.000000,
        "iops_stddev" : 0.000000,
        "iops_samples" : 0
      },
      "sync" : {
        "total_ios" : 0,
        "lat_ns" : {
          "min" : 0,
          "max" : 0,
          "mean" : 0.000000,
          "stddev" : 0.000000,
          "N" : 0
        }
      },
      "job_runtime" : 479,
      "usr_cpu" : 1.878914,
      "sys_cpu" : 15.240084,
      "ctx" : 117,
      "majf" : 0,
      "minf" : 40,
      "iodepth_level" : {
        "1" : 100.000000,
        "2" : 0.000000,
        "4" : 0.000000,
        "8" : 0.000000,
        "16" : 0.000000,
        "32" : 0.000000,
        ">=64" : 0.000000
      },
      "iodepth_submit" : {
        "0" : 0.000000,
        "4" : 100.000000,
        "8" : 0.000000,
        "16" : 0.000000,
        "32" : 0.000000,
        "64" : 0.000000,
        ">=64" : 0.000000
      },
      "iodepth_complete" : {
        "0" : 0.000000,
        "4" : 100.000000,
        "8" : 0.000000,
        "16" : 0.000000,
        "32" : 0.000000,
        "64" : 0.000000,
        ">=64" : 0.000000
      },
      "latency_ns" : {
        "2" : 0.000000,
        "4" : 0.000000,
        "10" : 0.000000,
        "20" : 0.000000,
        "50" : 0.000000,
        "100" : 0.000000,
        "250" : 0.000000,
        "500" : 0.000000,
        "750" : 0.000000,
        "1000" : 0.000000
      },
      "latency_us" : {
        "2" : 57.356771,
        "4" : 33.007812,
        "10" : 1.692708,
        "20" : 0.195312,
        "50" : 0.195312,
        "100" : 2.148438,
        "250" : 2.148438,
        "500" : 0.781250,
        "750" : 0.260417,
        "1000" : 0.065104
      },
      "latency_ms" : {
        "2" : 0.065104,
        "4" : 0.520833,
        "10" : 0.585938,
        "20" : 0.520833,
        "50" : 0.390625,
        "100" : 0.065104,
        "250" : 0.000000,
        "500" : 0.000000,
        "750" : 0.000000,
        "1000" : 0.000000,
        "2000" : 0.000000,
        ">=2000" : 0.000000
      },
      "latency_depth" : 1,
      "latency_target" : 0,
      "latency_percentile" : 100.000000,
      "latency_window" : 0
    }
  ]
}
