{
  "fio version" : "fio-3.33",
  "timestamp" : 1747516274,
  "timestamp_ms" : 1747516274675,
  "time" : "Sat May 17 23:11:14 2025",
  "jobs" : [
    {
      "jobname" : "read_16k_run6",
      "groupid" : 0,
      "error" : 0,
      "eta" : 2147483647,
      "elapsed" : 1,
      "job options" : {
        "name" : "read_16k_run6",
        "rw" : "read",
        "bs" : "16k",
        "size" : "32m",
        "numjobs" : "3",
        "directory" : "/mnt/juicefs",
        "group_reporting" : "1"
      },
      "read" : {
        "io_bytes" : 100663296,
        "io_kbytes" : 98304,
        "bw_bytes" : 198156094,
        "bw" : 193511,
        "iops" : 12094.488189,
        "runtime" : 508,
        "total_ios" : 6144,
        "short_ios" : 0,
        "drop_ios" : 0,
        "slat_ns" : {
          "min" : 0,
          "max" : 0,
          "mean" : 0.000000,
          "stddev" : 0.000000,
          "N" : 0
        },
        "clat_ns" : {
          "min" : 1312,
          "max" : 233985496,
          "mean" : 238260.542806,
          "stddev" : 6424960.005756,
          "N" : 6144,
          "percentile" : {
            "1.000000" : 1336,
            "5.000000" : 1352,
            "10.000000" : 1368,
            "20.000000" : 1384,
            "30.000000" : 1448,
            "40.000000" : 1688,
            "50.000000" : 1880,
            "60.000000" : 2192,
            "70.000000" : 2416,
            "80.000000" : 2640,
            "90.000000" : 3408,
            "95.000000" : 85504,
            "99.000000" : 244736,
            "99.500000" : 774144,
            "99.900000" : 50593792,
            "99.950000" : 198180864,
            "99.990000" : 233832448
          }
        },
        "lat_ns" : {
          "min" : 1343,
          "max" : 233985826,
          "mean" : 238319.833659,
          "stddev" : 6424962.289920,
          "N" : 6144
        },
        "bw_min" : 106709,
        "bw_max" : 106709,
        "bw_agg" : 55.143404,
        "bw_mean" : 106709.000000,
        "bw_dev" : 0.000000,
        "bw_samples" : 2,
        "iops_min" : 6668,
        "iops_max" : 6668,
        "iops_mean" : 6668.000000,
        "iops_stddev" : 0.000000,
        "iops_samples" : 2
      },
      "write" : {
        "io_bytes" : 0,
        "io_kbytes" : 0,
        "bw_bytes" : 0,
        "bw" : 0,
        "iops" : 0.000000,
        "runtime" : 0,
        "total_ios" : 0,
        "short_ios" : 0,
        "drop_ios" : 0,
        "slat_ns" : {
          "min" : 0,
          "max" : 0,
          "mean" : 0.000000,
          "stddev" : 0.000000,
          "N" : 0
        },
        "clat_ns" : {
          "min" : 0,
          "max" : 0,
          "mean" : 0.000000,
          "stddev" : 0.000000,
          "N" : 0
        },
        "lat_ns" : {
          "min" : 0,
          "max" : 0,
          "mean" : 0.000000,
          "stddev" : 0.000000,
          "N" : 0
        },
        "bw_min" : 0,
        "bw_max" : 0,
        "bw_agg" : 0.000000,
        "bw_mean" : 0.000000,
        "bw_dev" : 0.000000,
        "bw_samples" : 0,
        "iops_min" : 0,
        "iops_max" : 0,
        "iops_mean" : 0.000000,
        "iops_stddev" : 0.000000,
        "iops_samples" : 0
      },
      "trim" : {
        "io_bytes" : 0,
        "io_kbytes" : 0,
        "bw_bytes" : 0,
        "bw" : 0,
        "iops" : 0.000000,
        "runtime" : 0,
        "total_ios" : 0,
        "short_ios" : 0,
        "drop_ios" : 0,
        "slat_ns" : {
          "min" : 0,
          "max" : 0,
          "mean" : 0.000000,
          "stddev" : 0.000000,
          "N" : 0
        },
        "clat_ns" : {
          "min" : 0,
          "max" : 0,
          "mean" : 0.000000,
          "stddev" : 0.000000,
          "N" : 0
        },
        "lat_ns" : {
          "min" : 0,
          "max" : 0,
          "mean" : 0.000000,
          "stddev" : 0.000000,
          "N" : 0
        },
        "bw_min" : 0,
        "bw_max" : 0,
        "bw_agg" : 0.000000,
        "bw_mean" : 0.000000,
        "bw_dev" : 0.000000,
        "bw_samples" : 0,
        "iops_min" : 0,
        "iops_max" : 0,
        "iops_mean" : 0.000000,
        "iops_stddev" : 0.000000,
        "iops_samples" : 0
      },
      "sync" : {
        "total_ios" : 0,
        "lat_ns" : {
          "min" : 0,
          "max" : 0,
          "mean" : 0.000000,
          "stddev" : 0.000000,
          "N" : 0
        }
      },
      "job_runtime" : 1467,
      "usr_cpu" : 0.408998,
      "sys_cpu" : 3.476483,
      "ctx" : 126,
      "majf" : 0,
      "minf" : 52,
      "iodepth_level" : {
        "1" : 100.000000,
        "2" : 0.000000,
        "4" : 0.000000,
        "8" : 0.000000,
        "16" : 0.000000,
        "32" : 0.000000,
        ">=64" : 0.000000
      },
      "iodepth_submit" : {
        "0" : 0.000000,
        "4" : 100.000000,
        "8" : 0.000000,
        "16" : 0.000000,
        "32" : 0.000000,
        "64" : 0.000000,
        ">=64" : 0.000000
      },
      "iodepth_complete" : {
        "0" : 0.000000,
        "4" : 100.000000,
        "8" : 0.000000,
        "16" : 0.000000,
        "32" : 0.000000,
        "64" : 0.000000,
        ">=64" : 0.000000
      },
      "latency_ns" : {
        "2" : 0.000000,
        "4" : 0.000000,
        "10" : 0.000000,
        "20" : 0.000000,
        "50" : 0.000000,
        "100" : 0.000000,
        "250" : 0.000000,
        "500" : 0.000000,
        "750" : 0.000000,
        "1000" : 0.000000
      },
      "latency_us" : {
        "2" : 52.766927,
        "4" : 38.753255,
        "10" : 1.074219,
        "20" : 0.211589,
        "50" : 0.358073,
        "100" : 3.369141,
        "250" : 2.490234,
        "500" : 0.244141,
        "750" : 0.227865,
        "1000" : 0.081380
      },
      "latency_ms" : {
        "2" : 0.032552,
        "4" : 0.146484,
        "10" : 0.065104,
        "20" : 0.048828,
        "50" : 0.016276,
        "100" : 0.016276,
        "250" : 0.097656,
        "500" : 0.000000,
        "750" : 0.000000,
        "1000" : 0.000000,
        "2000" : 0.000000,
        ">=2000" : 0.000000
      },
      "latency_depth" : 1,
      "latency_target" : 0,
      "latency_percentile" : 100.000000,
      "latency_window" : 0
    }
  ]
}
