{
  "fio version" : "fio-3.33",
  "timestamp" : 1747516305,
  "timestamp_ms" : 1747516305018,
  "time" : "Sat May 17 23:11:45 2025",
  "jobs" : [
    {
      "jobname" : "read_64k_run7",
      "groupid" : 0,
      "error" : 0,
      "eta" : 2147483647,
      "elapsed" : 1,
      "job options" : {
        "name" : "read_64k_run7",
        "rw" : "read",
        "bs" : "64k",
        "size" : "32m",
        "numjobs" : "3",
        "directory" : "/mnt/juicefs",
        "group_reporting" : "1"
      },
      "read" : {
        "io_bytes" : 100663296,
        "io_kbytes" : 98304,
        "bw_bytes" : 196992751,
        "bw" : 192375,
        "iops" : 3005.870841,
        "runtime" : 511,
        "total_ios" : 1536,
        "short_ios" : 0,
        "drop_ios" : 0,
        "slat_ns" : {
          "min" : 0,
          "max" : 0,
          "mean" : 0.000000,
          "stddev" : 0.000000,
          "N" : 0
        },
        "clat_ns" : {
          "min" : 3096,
          "max" : 288051796,
          "mean" : 968023.193359,
          "stddev" : 13102677.235093,
          "N" : 1536,
          "percentile" : {
            "1.000000" : 3152,
            "5.000000" : 3248,
            "10.000000" : 3312,
            "20.000000" : 3504,
            "30.000000" : 3984,
            "40.000000" : 4448,
            "50.000000" : 6176,
            "60.000000" : 7264,
            "70.000000" : 16320,
            "80.000000" : 87552,
            "90.000000" : 117248,
            "95.000000" : 214016,
            "99.000000" : 3391488,
            "99.500000" : 64225280,
            "99.900000" : 242221056,
            "99.950000" : 287309824,
            "99.990000" : 287309824
          }
        },
        "lat_ns" : {
          "min" : 3136,
          "max" : 288051846,
          "mean" : 968095.973958,
          "stddev" : 13102682.222042,
          "N" : 1536
        },
        "bw_min" : 90368,
        "bw_max" : 90368,
        "bw_agg" : 46.974740,
        "bw_mean" : 90368.000000,
        "bw_dev" : 0.000000,
        "bw_samples" : 2,
        "iops_min" : 1412,
        "iops_max" : 1412,
        "iops_mean" : 1412.000000,
        "iops_stddev" : 0.000000,
        "iops_samples" : 2
      },
      "write" : {
        "io_bytes" : 0,
        "io_kbytes" : 0,
        "bw_bytes" : 0,
        "bw" : 0,
        "iops" : 0.000000,
        "runtime" : 0,
        "total_ios" : 0,
        "short_ios" : 0,
        "drop_ios" : 0,
        "slat_ns" : {
          "min" : 0,
          "max" : 0,
          "mean" : 0.000000,
          "stddev" : 0.000000,
          "N" : 0
        },
        "clat_ns" : {
          "min" : 0,
          "max" : 0,
          "mean" : 0.000000,
          "stddev" : 0.000000,
          "N" : 0
        },
        "lat_ns" : {
          "min" : 0,
          "max" : 0,
          "mean" : 0.000000,
          "stddev" : 0.000000,
          "N" : 0
        },
        "bw_min" : 0,
        "bw_max" : 0,
        "bw_agg" : 0.000000,
        "bw_mean" : 0.000000,
        "bw_dev" : 0.000000,
        "bw_samples" : 0,
        "iops_min" : 0,
        "iops_max" : 0,
        "iops_mean" : 0.000000,
        "iops_stddev" : 0.000000,
        "iops_samples" : 0
      },
      "trim" : {
        "io_bytes" : 0,
        "io_kbytes" : 0,
        "bw_bytes" : 0,
        "bw" : 0,
        "iops" : 0.000000,
        "runtime" : 0,
        "total_ios" : 0,
        "short_ios" : 0,
        "drop_ios" : 0,
        "slat_ns" : {
          "min" : 0,
          "max" : 0,
          "mean" : 0.000000,
          "stddev" : 0.000000,
          "N" : 0
        },
        "clat_ns" : {
          "min" : 0,
          "max" : 0,
          "mean" : 0.000000,
          "stddev" : 0.000000,
          "N" : 0
        },
        "lat_ns" : {
          "min" : 0,
          "max" : 0,
          "mean" : 0.000000,
          "stddev" : 0.000000,
          "N" : 0
        },
        "bw_min" : 0,
        "bw_max" : 0,
        "bw_agg" : 0.000000,
        "bw_mean" : 0.000000,
        "bw_dev" : 0.000000,
        "bw_samples" : 0,
        "iops_min" : 0,
        "iops_max" : 0,
        "iops_mean" : 0.000000,
        "iops_stddev" : 0.000000,
        "iops_samples" : 0
      },
      "sync" : {
        "total_ios" : 0,
        "lat_ns" : {
          "min" : 0,
          "max" : 0,
          "mean" : 0.000000,
          "stddev" : 0.000000,
          "N" : 0
        }
      },
      "job_runtime" : 1489,
      "usr_cpu" : 0.000000,
      "sys_cpu" : 3.895232,
      "ctx" : 172,
      "majf" : 0,
      "minf" : 84,
      "iodepth_level" : {
        "1" : 100.000000,
        "2" : 0.000000,
        "4" : 0.000000,
        "8" : 0.000000,
        "16" : 0.000000,
        "32" : 0.000000,
        ">=64" : 0.000000
      },
      "iodepth_submit" : {
        "0" : 0.000000,
        "4" : 100.000000,
        "8" : 0.000000,
        "16" : 0.000000,
        "32" : 0.000000,
        "64" : 0.000000,
        ">=64" : 0.000000
      },
      "iodepth_complete" : {
        "0" : 0.000000,
        "4" : 100.000000,
        "8" : 0.000000,
        "16" : 0.000000,
        "32" : 0.000000,
        "64" : 0.000000,
        ">=64" : 0.000000
      },
      "latency_ns" : {
        "2" : 0.000000,
        "4" : 0.000000,
        "10" : 0.000000,
        "20" : 0.000000,
        "50" : 0.000000,
        "100" : 0.000000,
        "250" : 0.000000,
        "500" : 0.000000,
        "750" : 0.000000,
        "1000" : 0.000000
      },
      "latency_us" : {
        "2" : 0.000000,
        "4" : 30.338542,
        "10" : 37.825521,
        "20" : 2.213542,
        "50" : 1.236979,
        "100" : 14.127604,
        "250" : 10.026042,
        "500" : 1.497396,
        "750" : 0.455729,
        "1000" : 0.325521
      },
      "latency_ms" : {
        "2" : 0.651042,
        "4" : 0.390625,
        "10" : 0.260417,
        "20" : 0.065104,
        "50" : 0.065104,
        "100" : 0.195312,
        "250" : 0.260417,
        "500" : 0.065104,
        "750" : 0.000000,
        "1000" : 0.000000,
        "2000" : 0.000000,
        ">=2000" : 0.000000
      },
      "latency_depth" : 1,
      "latency_target" : 0,
      "latency_percentile" : 100.000000,
      "latency_window" : 0
    }
  ]
}
