{
  "fio version" : "fio-3.33",
  "timestamp" : 1747516295,
  "timestamp_ms" : 1747516295734,
  "time" : "Sat May 17 23:11:35 2025",
  "jobs" : [
    {
      "jobname" : "read_64k_run1",
      "groupid" : 0,
      "error" : 0,
      "eta" : 2147483647,
      "elapsed" : 1,
      "job options" : {
        "name" : "read_64k_run1",
        "rw" : "read",
        "bs" : "64k",
        "size" : "32m",
        "numjobs" : "3",
        "directory" : "/mnt/juicefs",
        "group_reporting" : "1"
      },
      "read" : {
        "io_bytes" : 100663296,
        "io_kbytes" : 98304,
        "bw_bytes" : 197766789,
        "bw" : 193131,
        "iops" : 3017.681729,
        "runtime" : 509,
        "total_ios" : 1536,
        "short_ios" : 0,
        "drop_ios" : 0,
        "slat_ns" : {
          "min" : 0,
          "max" : 0,
          "mean" : 0.000000,
          "stddev" : 0.000000,
          "N" : 0
        },
        "clat_ns" : {
          "min" : 3136,
          "max" : 350665136,
          "mean" : 846245.748698,
          "stddev" : 12665501.764456,
          "N" : 1536,
          "percentile" : {
            "1.000000" : 3184,
            "5.000000" : 3280,
            "10.000000" : 3344,
            "20.000000" : 3504,
            "30.000000" : 3728,
            "40.000000" : 4256,
            "50.000000" : 5536,
            "60.000000" : 7456,
            "70.000000" : 36096,
            "80.000000" : 89600,
            "90.000000" : 129536,
            "95.000000" : 211968,
            "99.000000" : 2736128,
            "99.500000" : 30539776,
            "99.900000" : 208666624,
            "99.950000" : 350224384,
            "99.990000" : 350224384
          }
        },
        "lat_ns" : {
          "min" : 3196,
          "max" : 350665176,
          "mean" : 846344.815104,
          "stddev" : 12665507.913921,
          "N" : 1536
        },
        "bw_min" : 49053,
        "bw_max" : 49053,
        "bw_agg" : 25.398740,
        "bw_mean" : 49053.000000,
        "bw_dev" : 0.000000,
        "bw_samples" : 1,
        "iops_min" : 766,
        "iops_max" : 766,
        "iops_mean" : 766.000000,
        "iops_stddev" : 0.000000,
        "iops_samples" : 1
      },
      "write" : {
        "io_bytes" : 0,
        "io_kbytes" : 0,
        "bw_bytes" : 0,
        "bw" : 0,
        "iops" : 0.000000,
        "runtime" : 0,
        "total_ios" : 0,
        "short_ios" : 0,
        "drop_ios" : 0,
        "slat_ns" : {
          "min" : 0,
          "max" : 0,
          "mean" : 0.000000,
          "stddev" : 0.000000,
          "N" : 0
        },
        "clat_ns" : {
          "min" : 0,
          "max" : 0,
          "mean" : 0.000000,
          "stddev" : 0.000000,
          "N" : 0
        },
        "lat_ns" : {
          "min" : 0,
          "max" : 0,
          "mean" : 0.000000,
          "stddev" : 0.000000,
          "N" : 0
        },
        "bw_min" : 0,
        "bw_max" : 0,
        "bw_agg" : 0.000000,
        "bw_mean" : 0.000000,
        "bw_dev" : 0.000000,
        "bw_samples" : 0,
        "iops_min" : 0,
        "iops_max" : 0,
        "iops_mean" : 0.000000,
        "iops_stddev" : 0.000000,
        "iops_samples" : 0
      },
      "trim" : {
        "io_bytes" : 0,
        "io_kbytes" : 0,
        "bw_bytes" : 0,
        "bw" : 0,
        "iops" : 0.000000,
        "runtime" : 0,
        "total_ios" : 0,
        "short_ios" : 0,
        "drop_ios" : 0,
        "slat_ns" : {
          "min" : 0,
          "max" : 0,
          "mean" : 0.000000,
          "stddev" : 0.000000,
          "N" : 0
        },
        "clat_ns" : {
          "min" : 0,
          "max" : 0,
          "mean" : 0.000000,
          "stddev" : 0.000000,
          "N" : 0
        },
        "lat_ns" : {
          "min" : 0,
          "max" : 0,
          "mean" : 0.000000,
          "stddev" : 0.000000,
          "N" : 0
        },
        "bw_min" : 0,
        "bw_max" : 0,
        "bw_agg" : 0.000000,
        "bw_mean" : 0.000000,
        "bw_dev" : 0.000000,
        "bw_samples" : 0,
        "iops_min" : 0,
        "iops_max" : 0,
        "iops_mean" : 0.000000,
        "iops_stddev" : 0.000000,
        "iops_samples" : 0
      },
      "sync" : {
        "total_ios" : 0,
        "lat_ns" : {
          "min" : 0,
          "max" : 0,
          "mean" : 0.000000,
          "stddev" : 0.000000,
          "N" : 0
        }
      },
      "job_runtime" : 1302,
      "usr_cpu" : 0.000000,
      "sys_cpu" : 5.222734,
      "ctx" : 252,
      "majf" : 0,
      "minf" : 83,
      "iodepth_level" : {
        "1" : 100.000000,
        "2" : 0.000000,
        "4" : 0.000000,
        "8" : 0.000000,
        "16" : 0.000000,
        "32" : 0.000000,
        ">=64" : 0.000000
      },
      "iodepth_submit" : {
        "0" : 0.000000,
        "4" : 100.000000,
        "8" : 0.000000,
        "16" : 0.000000,
        "32" : 0.000000,
        "64" : 0.000000,
        ">=64" : 0.000000
      },
      "iodepth_complete" : {
        "0" : 0.000000,
        "4" : 100.000000,
        "8" : 0.000000,
        "16" : 0.000000,
        "32" : 0.000000,
        "64" : 0.000000,
        ">=64" : 0.000000
      },
      "latency_ns" : {
        "2" : 0.000000,
        "4" : 0.000000,
        "10" : 0.000000,
        "20" : 0.000000,
        "50" : 0.000000,
        "100" : 0.000000,
        "250" : 0.000000,
        "500" : 0.000000,
        "750" : 0.000000,
        "1000" : 0.000000
      },
      "latency_us" : {
        "2" : 0.000000,
        "4" : 35.286458,
        "10" : 31.901042,
        "20" : 1.627604,
        "50" : 2.864583,
        "100" : 11.848958,
        "250" : 12.760417,
        "500" : 1.432292,
        "750" : 0.520833,
        "1000" : 0.260417
      },
      "latency_ms" : {
        "2" : 0.260417,
        "4" : 0.325521,
        "10" : 0.325521,
        "20" : 0.065104,
        "50" : 0.065104,
        "100" : 0.130208,
        "250" : 0.260417,
        "500" : 0.065104,
        "750" : 0.000000,
        "1000" : 0.000000,
        "2000" : 0.000000,
        ">=2000" : 0.000000
      },
      "latency_depth" : 1,
      "latency_target" : 0,
      "latency_percentile" : 100.000000,
      "latency_window" : 0
    }
  ]
}
