{
  "fio version" : "fio-3.33",
  "timestamp" : 1747478313,
  "timestamp_ms" : 1747478313823,
  "time" : "Sat May 17 12:38:33 2025",
  "jobs" : [
    {
      "jobname" : "randwrite_16k_run8",
      "groupid" : 0,
      "error" : 0,
      "eta" : 2147483647,
      "elapsed" : 1,
      "job options" : {
        "name" : "randwrite_16k_run8",
        "rw" : "randwrite",
        "bs" : "16k",
        "size" : "32m",
        "numjobs" : "3",
        "directory" : "/mnt/mfs",
        "group_reporting" : "1"
      },
      "read" : {
        "io_bytes" : 0,
        "io_kbytes" : 0,
        "bw_bytes" : 0,
        "bw" : 0,
        "iops" : 0.000000,
        "runtime" : 0,
        "total_ios" : 0,
        "short_ios" : 0,
        "drop_ios" : 0,
        "slat_ns" : {
          "min" : 0,
          "max" : 0,
          "mean" : 0.000000,
          "stddev" : 0.000000,
          "N" : 0
        },
        "clat_ns" : {
          "min" : 0,
          "max" : 0,
          "mean" : 0.000000,
          "stddev" : 0.000000,
          "N" : 0
        },
        "lat_ns" : {
          "min" : 0,
          "max" : 0,
          "mean" : 0.000000,
          "stddev" : 0.000000,
          "N" : 0
        },
        "bw_min" : 0,
        "bw_max" : 0,
        "bw_agg" : 0.000000,
        "bw_mean" : 0.000000,
        "bw_dev" : 0.000000,
        "bw_samples" : 0,
        "iops_min" : 0,
        "iops_max" : 0,
        "iops_mean" : 0.000000,
        "iops_stddev" : 0.000000,
        "iops_samples" : 0
      },
      "write" : {
        "io_bytes" : 100663296,
        "io_kbytes" : 98304,
        "bw_bytes" : 156796411,
        "bw" : 153121,
        "iops" : 9570.093458,
        "runtime" : 642,
        "total_ios" : 6144,
        "short_ios" : 0,
        "drop_ios" : 0,
        "slat_ns" : {
          "min" : 0,
          "max" : 0,
          "mean" : 0.000000,
          "stddev" : 0.000000,
          "N" : 0
        },
        "clat_ns" : {
          "min" : 37531,
          "max" : 5474762,
          "mean" : 303446.077799,
          "stddev" : 382734.715164,
          "N" : 6144,
          "percentile" : {
            "1.000000" : 55040,
            "5.000000" : 77312,
            "10.000000" : 91648,
            "20.000000" : 113152,
            "30.000000" : 130560,
            "40.000000" : 148480,
            "50.000000" : 164864,
            "60.000000" : 189440,
            "70.000000" : 226304,
            "80.000000" : 337920,
            "90.000000" : 741376,
            "95.000000" : 1073152,
            "99.000000" : 1941504,
            "99.500000" : 2007040,
            "99.900000" : 2473984,
            "99.950000" : 4112384,
            "99.990000" : 5472256
          }
        },
        "lat_ns" : {
          "min" : 37842,
          "max" : 5475163,
          "mean" : 305132.627604,
          "stddev" : 384487.126803,
          "N" : 6144
        },
        "bw_min" : 145602,
        "bw_max" : 145602,
        "bw_agg" : 95.089197,
        "bw_mean" : 145602.000000,
        "bw_dev" : 0.000000,
        "bw_samples" : 3,
        "iops_min" : 9100,
        "iops_max" : 9100,
        "iops_mean" : 9100.000000,
        "iops_stddev" : 0.000000,
        "iops_samples" : 3
      },
      "trim" : {
        "io_bytes" : 0,
        "io_kbytes" : 0,
        "bw_bytes" : 0,
        "bw" : 0,
        "iops" : 0.000000,
        "runtime" : 0,
        "total_ios" : 0,
        "short_ios" : 0,
        "drop_ios" : 0,
        "slat_ns" : {
          "min" : 0,
          "max" : 0,
          "mean" : 0.000000,
          "stddev" : 0.000000,
          "N" : 0
        },
        "clat_ns" : {
          "min" : 0,
          "max" : 0,
          "mean" : 0.000000,
          "stddev" : 0.000000,
          "N" : 0
        },
        "lat_ns" : {
          "min" : 0,
          "max" : 0,
          "mean" : 0.000000,
          "stddev" : 0.000000,
          "N" : 0
        },
        "bw_min" : 0,
        "bw_max" : 0,
        "bw_agg" : 0.000000,
        "bw_mean" : 0.000000,
        "bw_dev" : 0.000000,
        "bw_samples" : 0,
        "iops_min" : 0,
        "iops_max" : 0,
        "iops_mean" : 0.000000,
        "iops_stddev" : 0.000000,
        "iops_samples" : 0
      },
      "sync" : {
        "total_ios" : 0,
        "lat_ns" : {
          "min" : 0,
          "max" : 0,
          "mean" : 0.000000,
          "stddev" : 0.000000,
          "N" : 0
        }
      },
      "job_runtime" : 1906,
      "usr_cpu" : 1.678909,
      "sys_cpu" : 25.760756,
      "ctx" : 14925,
      "majf" : 0,
      "minf" : 25,
      "iodepth_level" : {
        "1" : 100.000000,
        "2" : 0.000000,
        "4" : 0.000000,
        "8" : 0.000000,
        "16" : 0.000000,
        "32" : 0.000000,
        ">=64" : 0.000000
      },
      "iodepth_submit" : {
        "0" : 0.000000,
        "4" : 100.000000,
        "8" : 0.000000,
        "16" : 0.000000,
        "32" : 0.000000,
        "64" : 0.000000,
        ">=64" : 0.000000
      },
      "iodepth_complete" : {
        "0" : 0.000000,
        "4" : 100.000000,
        "8" : 0.000000,
        "16" : 0.000000,
        "32" : 0.000000,
        "64" : 0.000000,
        ">=64" : 0.000000
      },
      "latency_ns" : {
        "2" : 0.000000,
        "4" : 0.000000,
        "10" : 0.000000,
        "20" : 0.000000,
        "50" : 0.000000,
        "100" : 0.000000,
        "250" : 0.000000,
        "500" : 0.000000,
        "750" : 0.000000,
        "1000" : 0.000000
      },
      "latency_us" : {
        "2" : 0.000000,
        "4" : 0.000000,
        "10" : 0.000000,
        "20" : 0.000000,
        "50" : 0.585938,
        "100" : 12.972005,
        "250" : 60.237630,
        "500" : 10.839844,
        "750" : 5.582682,
        "1000" : 3.987630
      },
      "latency_ms" : {
        "2" : 5.175781,
        "4" : 0.553385,
        "10" : 0.065104,
        "20" : 0.000000,
        "50" : 0.000000,
        "100" : 0.000000,
        "250" : 0.000000,
        "500" : 0.000000,
        "750" : 0.000000,
        "1000" : 0.000000,
        "2000" : 0.000000,
        ">=2000" : 0.000000
      },
      "latency_depth" : 1,
      "latency_target" : 0,
      "latency_percentile" : 100.000000,
      "latency_window" : 0
    }
  ]
}
