{
  "fio version" : "fio-3.33",
  "timestamp" : 1747517175,
  "timestamp_ms" : 1747517175794,
  "time" : "Sat May 17 23:26:15 2025",
  "jobs" : [
    {
      "jobname" : "randread_64k_run2",
      "groupid" : 0,
      "error" : 0,
      "eta" : 2147483647,
      "elapsed" : 1,
      "job options" : {
        "name" : "randread_64k_run2",
        "rw" : "randread",
        "bs" : "64k",
        "size" : "32m",
        "numjobs" : "3",
        "directory" : "/mnt/juicefs",
        "group_reporting" : "1"
      },
      "read" : {
        "io_bytes" : 100663296,
        "io_kbytes" : 98304,
        "bw_bytes" : 142784817,
        "bw" : 139438,
        "iops" : 2178.723404,
        "runtime" : 705,
        "total_ios" : 1536,
        "short_ios" : 0,
        "drop_ios" : 0,
        "slat_ns" : {
          "min" : 0,
          "max" : 0,
          "mean" : 0.000000,
          "stddev" : 0.000000,
          "N" : 0
        },
        "clat_ns" : {
          "min" : 47290,
          "max" : 132164589,
          "mean" : 1302500.078125,
          "stddev" : 7126824.927264,
          "N" : 1536,
          "percentile" : {
            "1.000000" : 53504,
            "5.000000" : 70144,
            "10.000000" : 88576,
            "20.000000" : 110080,
            "30.000000" : 136192,
            "40.000000" : 173056,
            "50.000000" : 218112,
            "60.000000" : 317440,
            "70.000000" : 610304,
            "80.000000" : 1171456,
            "90.000000" : 2310144,
            "95.000000" : 3424256,
            "99.000000" : 11337728,
            "99.500000" : 34340864,
            "99.900000" : 123207680,
            "99.950000" : 132644864,
            "99.990000" : 132644864
          }
        },
        "lat_ns" : {
          "min" : 47360,
          "max" : 132165320,
          "mean" : 1302746.731771,
          "stddev" : 7126848.073121,
          "N" : 1536
        },
        "bw_min" : 88909,
        "bw_max" : 88909,
        "bw_agg" : 63.762253,
        "bw_mean" : 88909.000000,
        "bw_dev" : 0.000000,
        "bw_samples" : 3,
        "iops_min" : 1387,
        "iops_max" : 1387,
        "iops_mean" : 1387.000000,
        "iops_stddev" : 0.000000,
        "iops_samples" : 3
      },
      "write" : {
        "io_bytes" : 0,
        "io_kbytes" : 0,
        "bw_bytes" : 0,
        "bw" : 0,
        "iops" : 0.000000,
        "runtime" : 0,
        "total_ios" : 0,
        "short_ios" : 0,
        "drop_ios" : 0,
        "slat_ns" : {
          "min" : 0,
          "max" : 0,
          "mean" : 0.000000,
          "stddev" : 0.000000,
          "N" : 0
        },
        "clat_ns" : {
          "min" : 0,
          "max" : 0,
          "mean" : 0.000000,
          "stddev" : 0.000000,
          "N" : 0
        },
        "lat_ns" : {
          "min" : 0,
          "max" : 0,
          "mean" : 0.000000,
          "stddev" : 0.000000,
          "N" : 0
        },
        "bw_min" : 0,
        "bw_max" : 0,
        "bw_agg" : 0.000000,
        "bw_mean" : 0.000000,
        "bw_dev" : 0.000000,
        "bw_samples" : 0,
        "iops_min" : 0,
        "iops_max" : 0,
        "iops_mean" : 0.000000,
        "iops_stddev" : 0.000000,
        "iops_samples" : 0
      },
      "trim" : {
        "io_bytes" : 0,
        "io_kbytes" : 0,
        "bw_bytes" : 0,
        "bw" : 0,
        "iops" : 0.000000,
        "runtime" : 0,
        "total_ios" : 0,
        "short_ios" : 0,
        "drop_ios" : 0,
        "slat_ns" : {
          "min" : 0,
          "max" : 0,
          "mean" : 0.000000,
          "stddev" : 0.000000,
          "N" : 0
        },
        "clat_ns" : {
          "min" : 0,
          "max" : 0,
          "mean" : 0.000000,
          "stddev" : 0.000000,
          "N" : 0
        },
        "lat_ns" : {
          "min" : 0,
          "max" : 0,
          "mean" : 0.000000,
          "stddev" : 0.000000,
          "N" : 0
        },
        "bw_min" : 0,
        "bw_max" : 0,
        "bw_agg" : 0.000000,
        "bw_mean" : 0.000000,
        "bw_dev" : 0.000000,
        "bw_samples" : 0,
        "iops_min" : 0,
        "iops_max" : 0,
        "iops_mean" : 0.000000,
        "iops_stddev" : 0.000000,
        "iops_samples" : 0
      },
      "sync" : {
        "total_ios" : 0,
        "lat_ns" : {
          "min" : 0,
          "max" : 0,
          "mean" : 0.000000,
          "stddev" : 0.000000,
          "N" : 0
        }
      },
      "job_runtime" : 2006,
      "usr_cpu" : 0.847458,
      "sys_cpu" : 4.685942,
      "ctx" : 1606,
      "majf" : 0,
      "minf" : 73,
      "iodepth_level" : {
        "1" : 100.000000,
        "2" : 0.000000,
        "4" : 0.000000,
        "8" : 0.000000,
        "16" : 0.000000,
        "32" : 0.000000,
        ">=64" : 0.000000
      },
      "iodepth_submit" : {
        "0" : 0.000000,
        "4" : 100.000000,
        "8" : 0.000000,
        "16" : 0.000000,
        "32" : 0.000000,
        "64" : 0.000000,
        ">=64" : 0.000000
      },
      "iodepth_complete" : {
        "0" : 0.000000,
        "4" : 100.000000,
        "8" : 0.000000,
        "16" : 0.000000,
        "32" : 0.000000,
        "64" : 0.000000,
        ">=64" : 0.000000
      },
      "latency_ns" : {
        "2" : 0.000000,
        "4" : 0.000000,
        "10" : 0.000000,
        "20" : 0.000000,
        "50" : 0.000000,
        "100" : 0.000000,
        "250" : 0.000000,
        "500" : 0.000000,
        "750" : 0.000000,
        "1000" : 0.000000
      },
      "latency_us" : {
        "2" : 0.000000,
        "4" : 0.000000,
        "10" : 0.000000,
        "20" : 0.000000,
        "50" : 0.260417,
        "100" : 15.104167,
        "250" : 39.453125,
        "500" : 12.239583,
        "750" : 6.184896,
        "1000" : 4.361979
      },
      "latency_ms" : {
        "2" : 10.416667,
        "4" : 8.072917,
        "10" : 2.799479,
        "20" : 0.455729,
        "50" : 0.195312,
        "100" : 0.260417,
        "250" : 0.195312,
        "500" : 0.000000,
        "750" : 0.000000,
        "1000" : 0.000000,
        "2000" : 0.000000,
        ">=2000" : 0.000000
      },
      "latency_depth" : 1,
      "latency_target" : 0,
      "latency_percentile" : 100.000000,
      "latency_window" : 0
    }
  ]
}
