{
  "fio version" : "fio-3.33",
  "timestamp" : 1747517177,
  "timestamp_ms" : 1747517177273,
  "time" : "Sat May 17 23:26:17 2025",
  "jobs" : [
    {
      "jobname" : "randread_64k_run3",
      "groupid" : 0,
      "error" : 0,
      "eta" : 2147483647,
      "elapsed" : 1,
      "job options" : {
        "name" : "randread_64k_run3",
        "rw" : "randread",
        "bs" : "64k",
        "size" : "32m",
        "numjobs" : "3",
        "directory" : "/mnt/juicefs",
        "group_reporting" : "1"
      },
      "read" : {
        "io_bytes" : 100663296,
        "io_kbytes" : 98304,
        "bw_bytes" : 140199576,
        "bw" : 136913,
        "iops" : 2139.275766,
        "runtime" : 718,
        "total_ios" : 1536,
        "short_ios" : 0,
        "drop_ios" : 0,
        "slat_ns" : {
          "min" : 0,
          "max" : 0,
          "mean" : 0.000000,
          "stddev" : 0.000000,
          "N" : 0
        },
        "clat_ns" : {
          "min" : 44425,
          "max" : 214892359,
          "mean" : 1177837.145182,
          "stddev" : 9143688.300136,
          "N" : 1536,
          "percentile" : {
            "1.000000" : 54528,
            "5.000000" : 71168,
            "10.000000" : 84480,
            "20.000000" : 105984,
            "30.000000" : 128512,
            "40.000000" : 148480,
            "50.000000" : 177152,
            "60.000000" : 228352,
            "70.000000" : 395264,
            "80.000000" : 815104,
            "90.000000" : 1662976,
            "95.000000" : 2768896,
            "99.000000" : 5931008,
            "99.500000" : 37486592,
            "99.900000" : 168820736,
            "99.950000" : 214958080,
            "99.990000" : 214958080
          }
        },
        "lat_ns" : {
          "min" : 44505,
          "max" : 214892449,
          "mean" : 1178043.273438,
          "stddev" : 9143703.994757,
          "N" : 1536
        },
        "bw_min" : 104192,
        "bw_max" : 104192,
        "bw_agg" : 76.100521,
        "bw_mean" : 104192.000000,
        "bw_dev" : 0.000000,
        "bw_samples" : 3,
        "iops_min" : 1628,
        "iops_max" : 1628,
        "iops_mean" : 1628.000000,
        "iops_stddev" : 0.000000,
        "iops_samples" : 3
      },
      "write" : {
        "io_bytes" : 0,
        "io_kbytes" : 0,
        "bw_bytes" : 0,
        "bw" : 0,
        "iops" : 0.000000,
        "runtime" : 0,
        "total_ios" : 0,
        "short_ios" : 0,
        "drop_ios" : 0,
        "slat_ns" : {
          "min" : 0,
          "max" : 0,
          "mean" : 0.000000,
          "stddev" : 0.000000,
          "N" : 0
        },
        "clat_ns" : {
          "min" : 0,
          "max" : 0,
          "mean" : 0.000000,
          "stddev" : 0.000000,
          "N" : 0
        },
        "lat_ns" : {
          "min" : 0,
          "max" : 0,
          "mean" : 0.000000,
          "stddev" : 0.000000,
          "N" : 0
        },
        "bw_min" : 0,
        "bw_max" : 0,
        "bw_agg" : 0.000000,
        "bw_mean" : 0.000000,
        "bw_dev" : 0.000000,
        "bw_samples" : 0,
        "iops_min" : 0,
        "iops_max" : 0,
        "iops_mean" : 0.000000,
        "iops_stddev" : 0.000000,
        "iops_samples" : 0
      },
      "trim" : {
        "io_bytes" : 0,
        "io_kbytes" : 0,
        "bw_bytes" : 0,
        "bw" : 0,
        "iops" : 0.000000,
        "runtime" : 0,
        "total_ios" : 0,
        "short_ios" : 0,
        "drop_ios" : 0,
        "slat_ns" : {
          "min" : 0,
          "max" : 0,
          "mean" : 0.000000,
          "stddev" : 0.000000,
          "N" : 0
        },
        "clat_ns" : {
          "min" : 0,
          "max" : 0,
          "mean" : 0.000000,
          "stddev" : 0.000000,
          "N" : 0
        },
        "lat_ns" : {
          "min" : 0,
          "max" : 0,
          "mean" : 0.000000,
          "stddev" : 0.000000,
          "N" : 0
        },
        "bw_min" : 0,
        "bw_max" : 0,
        "bw_agg" : 0.000000,
        "bw_mean" : 0.000000,
        "bw_dev" : 0.000000,
        "bw_samples" : 0,
        "iops_min" : 0,
        "iops_max" : 0,
        "iops_mean" : 0.000000,
        "iops_stddev" : 0.000000,
        "iops_samples" : 0
      },
      "sync" : {
        "total_ios" : 0,
        "lat_ns" : {
          "min" : 0,
          "max" : 0,
          "mean" : 0.000000,
          "stddev" : 0.000000,
          "N" : 0
        }
      },
      "job_runtime" : 1814,
      "usr_cpu" : 0.000000,
      "sys_cpu" : 5.512679,
      "ctx" : 1644,
      "majf" : 0,
      "minf" : 78,
      "iodepth_level" : {
        "1" : 100.000000,
        "2" : 0.000000,
        "4" : 0.000000,
        "8" : 0.000000,
        "16" : 0.000000,
        "32" : 0.000000,
        ">=64" : 0.000000
      },
      "iodepth_submit" : {
        "0" : 0.000000,
        "4" : 100.000000,
        "8" : 0.000000,
        "16" : 0.000000,
        "32" : 0.000000,
        "64" : 0.000000,
        ">=64" : 0.000000
      },
      "iodepth_complete" : {
        "0" : 0.000000,
        "4" : 100.000000,
        "8" : 0.000000,
        "16" : 0.000000,
        "32" : 0.000000,
        "64" : 0.000000,
        ">=64" : 0.000000
      },
      "latency_ns" : {
        "2" : 0.000000,
        "4" : 0.000000,
        "10" : 0.000000,
        "20" : 0.000000,
        "50" : 0.000000,
        "100" : 0.000000,
        "250" : 0.000000,
        "500" : 0.000000,
        "750" : 0.000000,
        "1000" : 0.000000
      },
      "latency_us" : {
        "2" : 0.000000,
        "4" : 0.000000,
        "10" : 0.000000,
        "20" : 0.000000,
        "50" : 0.455729,
        "100" : 17.317708,
        "250" : 44.596354,
        "500" : 10.481771,
        "750" : 6.119792,
        "1000" : 4.036458
      },
      "latency_ms" : {
        "2" : 9.114583,
        "4" : 5.598958,
        "10" : 1.562500,
        "20" : 0.130208,
        "50" : 0.195312,
        "100" : 0.130208,
        "250" : 0.260417,
        "500" : 0.000000,
        "750" : 0.000000,
        "1000" : 0.000000,
        "2000" : 0.000000,
        ">=2000" : 0.000000
      },
      "latency_depth" : 1,
      "latency_target" : 0,
      "latency_percentile" : 100.000000,
      "latency_window" : 0
    }
  ]
}
