{
  "fio version" : "fio-3.33",
  "timestamp" : 1747517141,
  "timestamp_ms" : 1747517141940,
  "time" : "Sat May 17 23:25:41 2025",
  "jobs" : [
    {
      "jobname" : "randread_16k_run7",
      "groupid" : 0,
      "error" : 0,
      "eta" : 2147483647,
      "elapsed" : 2,
      "job options" : {
        "name" : "randread_16k_run7",
        "rw" : "randread",
        "bs" : "16k",
        "size" : "32m",
        "numjobs" : "3",
        "directory" : "/mnt/juicefs",
        "group_reporting" : "1"
      },
      "read" : {
        "io_bytes" : 100663296,
        "io_kbytes" : 98304,
        "bw_bytes" : 74786995,
        "bw" : 73034,
        "iops" : 4564.635958,
        "runtime" : 1346,
        "total_ios" : 6144,
        "short_ios" : 0,
        "drop_ios" : 0,
        "slat_ns" : {
          "min" : 0,
          "max" : 0,
          "mean" : 0.000000,
          "stddev" : 0.000000,
          "N" : 0
        },
        "clat_ns" : {
          "min" : 22182,
          "max" : 203905749,
          "mean" : 623051.068848,
          "stddev" : 3324920.147159,
          "N" : 6144,
          "percentile" : {
            "1.000000" : 28032,
            "5.000000" : 46336,
            "10.000000" : 58112,
            "20.000000" : 75264,
            "30.000000" : 91648,
            "40.000000" : 108032,
            "50.000000" : 132096,
            "60.000000" : 181248,
            "70.000000" : 382976,
            "80.000000" : 823296,
            "90.000000" : 1482752,
            "95.000000" : 2244608,
            "99.000000" : 4620288,
            "99.500000" : 7045120,
            "99.900000" : 34340864,
            "99.950000" : 61603840,
            "99.990000" : 204472320
          }
        },
        "lat_ns" : {
          "min" : 22252,
          "max" : 203905989,
          "mean" : 623222.157064,
          "stddev" : 3324933.941229,
          "N" : 6144
        },
        "bw_min" : 38816,
        "bw_max" : 95392,
        "bw_agg" : 91.880274,
        "bw_mean" : 67104.000000,
        "bw_dev" : 10889.191412,
        "bw_samples" : 6,
        "iops_min" : 2426,
        "iops_max" : 5962,
        "iops_mean" : 4194.000000,
        "iops_stddev" : 680.574463,
        "iops_samples" : 6
      },
      "write" : {
        "io_bytes" : 0,
        "io_kbytes" : 0,
        "bw_bytes" : 0,
        "bw" : 0,
        "iops" : 0.000000,
        "runtime" : 0,
        "total_ios" : 0,
        "short_ios" : 0,
        "drop_ios" : 0,
        "slat_ns" : {
          "min" : 0,
          "max" : 0,
          "mean" : 0.000000,
          "stddev" : 0.000000,
          "N" : 0
        },
        "clat_ns" : {
          "min" : 0,
          "max" : 0,
          "mean" : 0.000000,
          "stddev" : 0.000000,
          "N" : 0
        },
        "lat_ns" : {
          "min" : 0,
          "max" : 0,
          "mean" : 0.000000,
          "stddev" : 0.000000,
          "N" : 0
        },
        "bw_min" : 0,
        "bw_max" : 0,
        "bw_agg" : 0.000000,
        "bw_mean" : 0.000000,
        "bw_dev" : 0.000000,
        "bw_samples" : 0,
        "iops_min" : 0,
        "iops_max" : 0,
        "iops_mean" : 0.000000,
        "iops_stddev" : 0.000000,
        "iops_samples" : 0
      },
      "trim" : {
        "io_bytes" : 0,
        "io_kbytes" : 0,
        "bw_bytes" : 0,
        "bw" : 0,
        "iops" : 0.000000,
        "runtime" : 0,
        "total_ios" : 0,
        "short_ios" : 0,
        "drop_ios" : 0,
        "slat_ns" : {
          "min" : 0,
          "max" : 0,
          "mean" : 0.000000,
          "stddev" : 0.000000,
          "N" : 0
        },
        "clat_ns" : {
          "min" : 0,
          "max" : 0,
          "mean" : 0.000000,
          "stddev" : 0.000000,
          "N" : 0
        },
        "lat_ns" : {
          "min" : 0,
          "max" : 0,
          "mean" : 0.000000,
          "stddev" : 0.000000,
          "N" : 0
        },
        "bw_min" : 0,
        "bw_max" : 0,
        "bw_agg" : 0.000000,
        "bw_mean" : 0.000000,
        "bw_dev" : 0.000000,
        "bw_samples" : 0,
        "iops_min" : 0,
        "iops_max" : 0,
        "iops_mean" : 0.000000,
        "iops_stddev" : 0.000000,
        "iops_samples" : 0
      },
      "sync" : {
        "total_ios" : 0,
        "lat_ns" : {
          "min" : 0,
          "max" : 0,
          "mean" : 0.000000,
          "stddev" : 0.000000,
          "N" : 0
        }
      },
      "job_runtime" : 3841,
      "usr_cpu" : 0.624837,
      "sys_cpu" : 5.102838,
      "ctx" : 6386,
      "majf" : 0,
      "minf" : 40,
      "iodepth_level" : {
        "1" : 100.000000,
        "2" : 0.000000,
        "4" : 0.000000,
        "8" : 0.000000,
        "16" : 0.000000,
        "32" : 0.000000,
        ">=64" : 0.000000
      },
      "iodepth_submit" : {
        "0" : 0.000000,
        "4" : 100.000000,
        "8" : 0.000000,
        "16" : 0.000000,
        "32" : 0.000000,
        "64" : 0.000000,
        ">=64" : 0.000000
      },
      "iodepth_complete" : {
        "0" : 0.000000,
        "4" : 100.000000,
        "8" : 0.000000,
        "16" : 0.000000,
        "32" : 0.000000,
        "64" : 0.000000,
        ">=64" : 0.000000
      },
      "latency_ns" : {
        "2" : 0.000000,
        "4" : 0.000000,
        "10" : 0.000000,
        "20" : 0.000000,
        "50" : 0.000000,
        "100" : 0.000000,
        "250" : 0.000000,
        "500" : 0.000000,
        "750" : 0.000000,
        "1000" : 0.000000
      },
      "latency_us" : {
        "2" : 0.000000,
        "4" : 0.000000,
        "10" : 0.000000,
        "20" : 0.000000,
        "50" : 5.875651,
        "100" : 29.736328,
        "250" : 29.622396,
        "500" : 7.910156,
        "750" : 5.615234,
        "1000" : 4.817708
      },
      "latency_ms" : {
        "2" : 10.367839,
        "4" : 4.589844,
        "10" : 1.220703,
        "20" : 0.081380,
        "50" : 0.081380,
        "100" : 0.065104,
        "250" : 0.016276,
        "500" : 0.000000,
        "750" : 0.000000,
        "1000" : 0.000000,
        "2000" : 0.000000,
        ">=2000" : 0.000000
      },
      "latency_depth" : 1,
      "latency_target" : 0,
      "latency_percentile" : 100.000000,
      "latency_window" : 0
    }
  ]
}
