{
  "fio version" : "fio-3.33",
  "timestamp" : 1747478296,
  "timestamp_ms" : 1747478296852,
  "time" : "Sat May 17 12:38:16 2025",
  "jobs" : [
    {
      "jobname" : "randwrite_8k_run6",
      "groupid" : 0,
      "error" : 0,
      "eta" : 2147483647,
      "elapsed" : 2,
      "job options" : {
        "name" : "randwrite_8k_run6",
        "rw" : "randwrite",
        "bs" : "8k",
        "size" : "32m",
        "numjobs" : "3",
        "directory" : "/mnt/mfs",
        "group_reporting" : "1"
      },
      "read" : {
        "io_bytes" : 0,
        "io_kbytes" : 0,
        "bw_bytes" : 0,
        "bw" : 0,
        "iops" : 0.000000,
        "runtime" : 0,
        "total_ios" : 0,
        "short_ios" : 0,
        "drop_ios" : 0,
        "slat_ns" : {
          "min" : 0,
          "max" : 0,
          "mean" : 0.000000,
          "stddev" : 0.000000,
          "N" : 0
        },
        "clat_ns" : {
          "min" : 0,
          "max" : 0,
          "mean" : 0.000000,
          "stddev" : 0.000000,
          "N" : 0
        },
        "lat_ns" : {
          "min" : 0,
          "max" : 0,
          "mean" : 0.000000,
          "stddev" : 0.000000,
          "N" : 0
        },
        "bw_min" : 0,
        "bw_max" : 0,
        "bw_agg" : 0.000000,
        "bw_mean" : 0.000000,
        "bw_dev" : 0.000000,
        "bw_samples" : 0,
        "iops_min" : 0,
        "iops_max" : 0,
        "iops_mean" : 0.000000,
        "iops_stddev" : 0.000000,
        "iops_samples" : 0
      },
      "write" : {
        "io_bytes" : 100663296,
        "io_kbytes" : 98304,
        "bw_bytes" : 90769428,
        "bw" : 88642,
        "iops" : 11080.252480,
        "runtime" : 1109,
        "total_ios" : 12288,
        "short_ios" : 0,
        "drop_ios" : 0,
        "slat_ns" : {
          "min" : 0,
          "max" : 0,
          "mean" : 0.000000,
          "stddev" : 0.000000,
          "N" : 0
        },
        "clat_ns" : {
          "min" : 24847,
          "max" : 13852003,
          "mean" : 260823.761800,
          "stddev" : 818949.823021,
          "N" : 12288,
          "percentile" : {
            "1.000000" : 34048,
            "5.000000" : 46336,
            "10.000000" : 60160,
            "20.000000" : 80384,
            "30.000000" : 96768,
            "40.000000" : 112128,
            "50.000000" : 127488,
            "60.000000" : 144384,
            "70.000000" : 166912,
            "80.000000" : 197632,
            "90.000000" : 272384,
            "95.000000" : 577536,
            "99.000000" : 6258688,
            "99.500000" : 7110656,
            "99.900000" : 10158080,
            "99.950000" : 11993088,
            "99.990000" : 13041664
          }
        },
        "lat_ns" : {
          "min" : 25208,
          "max" : 13852273,
          "mean" : 261617.236328,
          "stddev" : 819208.464269,
          "N" : 12288
        },
        "bw_min" : 71840,
        "bw_max" : 106256,
        "bw_agg" : 100.000000,
        "bw_mean" : 89048.000000,
        "bw_dev" : 6312.791839,
        "bw_samples" : 6,
        "iops_min" : 8980,
        "iops_max" : 13282,
        "iops_mean" : 11131.000000,
        "iops_stddev" : 789.098980,
        "iops_samples" : 6
      },
      "trim" : {
        "io_bytes" : 0,
        "io_kbytes" : 0,
        "bw_bytes" : 0,
        "bw" : 0,
        "iops" : 0.000000,
        "runtime" : 0,
        "total_ios" : 0,
        "short_ios" : 0,
        "drop_ios" : 0,
        "slat_ns" : {
          "min" : 0,
          "max" : 0,
          "mean" : 0.000000,
          "stddev" : 0.000000,
          "N" : 0
        },
        "clat_ns" : {
          "min" : 0,
          "max" : 0,
          "mean" : 0.000000,
          "stddev" : 0.000000,
          "N" : 0
        },
        "lat_ns" : {
          "min" : 0,
          "max" : 0,
          "mean" : 0.000000,
          "stddev" : 0.000000,
          "N" : 0
        },
        "bw_min" : 0,
        "bw_max" : 0,
        "bw_agg" : 0.000000,
        "bw_mean" : 0.000000,
        "bw_dev" : 0.000000,
        "bw_samples" : 0,
        "iops_min" : 0,
        "iops_max" : 0,
        "iops_mean" : 0.000000,
        "iops_stddev" : 0.000000,
        "iops_samples" : 0
      },
      "sync" : {
        "total_ios" : 0,
        "lat_ns" : {
          "min" : 0,
          "max" : 0,
          "mean" : 0.000000,
          "stddev" : 0.000000,
          "N" : 0
        }
      },
      "job_runtime" : 3246,
      "usr_cpu" : 1.016636,
      "sys_cpu" : 25.169439,
      "ctx" : 29422,
      "majf" : 0,
      "minf" : 26,
      "iodepth_level" : {
        "1" : 100.000000,
        "2" : 0.000000,
        "4" : 0.000000,
        "8" : 0.000000,
        "16" : 0.000000,
        "32" : 0.000000,
        ">=64" : 0.000000
      },
      "iodepth_submit" : {
        "0" : 0.000000,
        "4" : 100.000000,
        "8" : 0.000000,
        "16" : 0.000000,
        "32" : 0.000000,
        "64" : 0.000000,
        ">=64" : 0.000000
      },
      "iodepth_complete" : {
        "0" : 0.000000,
        "4" : 100.000000,
        "8" : 0.000000,
        "16" : 0.000000,
        "32" : 0.000000,
        "64" : 0.000000,
        ">=64" : 0.000000
      },
      "latency_ns" : {
        "2" : 0.000000,
        "4" : 0.000000,
        "10" : 0.000000,
        "20" : 0.000000,
        "50" : 0.000000,
        "100" : 0.000000,
        "250" : 0.000000,
        "500" : 0.000000,
        "750" : 0.000000,
        "1000" : 0.000000
      },
      "latency_us" : {
        "2" : 0.000000,
        "4" : 0.000000,
        "10" : 0.000000,
        "20" : 0.000000,
        "50" : 6.372070,
        "100" : 25.870768,
        "250" : 56.022135,
        "500" : 6.144206,
        "750" : 1.603190,
        "1000" : 0.984701
      },
      "latency_ms" : {
        "2" : 1.529948,
        "4" : 0.374349,
        "10" : 0.992839,
        "20" : 0.105794,
        "50" : 0.000000,
        "100" : 0.000000,
        "250" : 0.000000,
        "500" : 0.000000,
        "750" : 0.000000,
        "1000" : 0.000000,
        "2000" : 0.000000,
        ">=2000" : 0.000000
      },
      "latency_depth" : 1,
      "latency_target" : 0,
      "latency_percentile" : 100.000000,
      "latency_window" : 0
    }
  ]
}
