{
  "fio version" : "fio-3.33",
  "timestamp" : 1747478302,
  "timestamp_ms" : 1747478302963,
  "time" : "Sat May 17 12:38:22 2025",
  "jobs" : [
    {
      "jobname" : "randwrite_8k_run10",
      "groupid" : 0,
      "error" : 0,
      "eta" : 2147483647,
      "elapsed" : 2,
      "job options" : {
        "name" : "randwrite_8k_run10",
        "rw" : "randwrite",
        "bs" : "8k",
        "size" : "32m",
        "numjobs" : "3",
        "directory" : "/mnt/mfs",
        "group_reporting" : "1"
      },
      "read" : {
        "io_bytes" : 0,
        "io_kbytes" : 0,
        "bw_bytes" : 0,
        "bw" : 0,
        "iops" : 0.000000,
        "runtime" : 0,
        "total_ios" : 0,
        "short_ios" : 0,
        "drop_ios" : 0,
        "slat_ns" : {
          "min" : 0,
          "max" : 0,
          "mean" : 0.000000,
          "stddev" : 0.000000,
          "N" : 0
        },
        "clat_ns" : {
          "min" : 0,
          "max" : 0,
          "mean" : 0.000000,
          "stddev" : 0.000000,
          "N" : 0
        },
        "lat_ns" : {
          "min" : 0,
          "max" : 0,
          "mean" : 0.000000,
          "stddev" : 0.000000,
          "N" : 0
        },
        "bw_min" : 0,
        "bw_max" : 0,
        "bw_agg" : 0.000000,
        "bw_mean" : 0.000000,
        "bw_dev" : 0.000000,
        "bw_samples" : 0,
        "iops_min" : 0,
        "iops_max" : 0,
        "iops_mean" : 0.000000,
        "iops_stddev" : 0.000000,
        "iops_samples" : 0
      },
      "write" : {
        "io_bytes" : 100663296,
        "io_kbytes" : 98304,
        "bw_bytes" : 87381333,
        "bw" : 85333,
        "iops" : 10666.666667,
        "runtime" : 1152,
        "total_ios" : 12288,
        "short_ios" : 0,
        "drop_ios" : 0,
        "slat_ns" : {
          "min" : 0,
          "max" : 0,
          "mean" : 0.000000,
          "stddev" : 0.000000,
          "N" : 0
        },
        "clat_ns" : {
          "min" : 25118,
          "max" : 12148020,
          "mean" : 274366.377035,
          "stddev" : 796600.849390,
          "N" : 12288,
          "percentile" : {
            "1.000000" : 36096,
            "5.000000" : 50432,
            "10.000000" : 64256,
            "20.000000" : 84480,
            "30.000000" : 99840,
            "40.000000" : 115200,
            "50.000000" : 129536,
            "60.000000" : 148480,
            "70.000000" : 168960,
            "80.000000" : 201728,
            "90.000000" : 296960,
            "95.000000" : 774144,
            "99.000000" : 6193152,
            "99.500000" : 6914048,
            "99.900000" : 9633792,
            "99.950000" : 9895936,
            "99.990000" : 11862016
          }
        },
        "lat_ns" : {
          "min" : 25288,
          "max" : 12148280,
          "mean" : 275742.429687,
          "stddev" : 799732.264895,
          "N" : 12288
        },
        "bw_min" : 60688,
        "bw_max" : 103855,
        "bw_agg" : 96.411328,
        "bw_mean" : 82271.500000,
        "bw_dev" : 7895.869331,
        "bw_samples" : 6,
        "iops_min" : 7586,
        "iops_max" : 12981,
        "iops_mean" : 10283.500000,
        "iops_stddev" : 986.828202,
        "iops_samples" : 6
      },
      "trim" : {
        "io_bytes" : 0,
        "io_kbytes" : 0,
        "bw_bytes" : 0,
        "bw" : 0,
        "iops" : 0.000000,
        "runtime" : 0,
        "total_ios" : 0,
        "short_ios" : 0,
        "drop_ios" : 0,
        "slat_ns" : {
          "min" : 0,
          "max" : 0,
          "mean" : 0.000000,
          "stddev" : 0.000000,
          "N" : 0
        },
        "clat_ns" : {
          "min" : 0,
          "max" : 0,
          "mean" : 0.000000,
          "stddev" : 0.000000,
          "N" : 0
        },
        "lat_ns" : {
          "min" : 0,
          "max" : 0,
          "mean" : 0.000000,
          "stddev" : 0.000000,
          "N" : 0
        },
        "bw_min" : 0,
        "bw_max" : 0,
        "bw_agg" : 0.000000,
        "bw_mean" : 0.000000,
        "bw_dev" : 0.000000,
        "bw_samples" : 0,
        "iops_min" : 0,
        "iops_max" : 0,
        "iops_mean" : 0.000000,
        "iops_stddev" : 0.000000,
        "iops_samples" : 0
      },
      "sync" : {
        "total_ios" : 0,
        "lat_ns" : {
          "min" : 0,
          "max" : 0,
          "mean" : 0.000000,
          "stddev" : 0.000000,
          "N" : 0
        }
      },
      "job_runtime" : 3433,
      "usr_cpu" : 1.922517,
      "sys_cpu" : 26.682202,
      "ctx" : 29828,
      "majf" : 0,
      "minf" : 27,
      "iodepth_level" : {
        "1" : 100.000000,
        "2" : 0.000000,
        "4" : 0.000000,
        "8" : 0.000000,
        "16" : 0.000000,
        "32" : 0.000000,
        ">=64" : 0.000000
      },
      "iodepth_submit" : {
        "0" : 0.000000,
        "4" : 100.000000,
        "8" : 0.000000,
        "16" : 0.000000,
        "32" : 0.000000,
        "64" : 0.000000,
        ">=64" : 0.000000
      },
      "iodepth_complete" : {
        "0" : 0.000000,
        "4" : 100.000000,
        "8" : 0.000000,
        "16" : 0.000000,
        "32" : 0.000000,
        "64" : 0.000000,
        ">=64" : 0.000000
      },
      "latency_ns" : {
        "2" : 0.000000,
        "4" : 0.000000,
        "10" : 0.000000,
        "20" : 0.000000,
        "50" : 0.000000,
        "100" : 0.000000,
        "250" : 0.000000,
        "500" : 0.000000,
        "750" : 0.000000,
        "1000" : 0.000000
      },
      "latency_us" : {
        "2" : 0.000000,
        "4" : 0.000000,
        "10" : 0.000000,
        "20" : 0.000000,
        "50" : 4.736328,
        "100" : 25.187174,
        "250" : 57.031250,
        "500" : 6.339518,
        "750" : 1.578776,
        "1000" : 0.976562
      },
      "latency_ms" : {
        "2" : 2.661133,
        "4" : 0.455729,
        "10" : 0.984701,
        "20" : 0.048828,
        "50" : 0.000000,
        "100" : 0.000000,
        "250" : 0.000000,
        "500" : 0.000000,
        "750" : 0.000000,
        "1000" : 0.000000,
        "2000" : 0.000000,
        ">=2000" : 0.000000
      },
      "latency_depth" : 1,
      "latency_target" : 0,
      "latency_percentile" : 100.000000,
      "latency_window" : 0
    }
  ]
}
