{
  "fio version" : "fio-3.33",
  "timestamp" : 1747516114,
  "timestamp_ms" : 1747516114549,
  "time" : "Sat May 17 23:08:34 2025",
  "jobs" : [
    {
      "jobname" : "randwrite_8k_run9",
      "groupid" : 0,
      "error" : 0,
      "eta" : 0,
      "elapsed" : 13,
      "job options" : {
        "name" : "randwrite_8k_run9",
        "rw" : "randwrite",
        "bs" : "8k",
        "size" : "32m",
        "numjobs" : "3",
        "directory" : "/mnt/juicefs",
        "group_reporting" : "1"
      },
      "read" : {
        "io_bytes" : 0,
        "io_kbytes" : 0,
        "bw_bytes" : 0,
        "bw" : 0,
        "iops" : 0.000000,
        "runtime" : 0,
        "total_ios" : 0,
        "short_ios" : 0,
        "drop_ios" : 0,
        "slat_ns" : {
          "min" : 0,
          "max" : 0,
          "mean" : 0.000000,
          "stddev" : 0.000000,
          "N" : 0
        },
        "clat_ns" : {
          "min" : 0,
          "max" : 0,
          "mean" : 0.000000,
          "stddev" : 0.000000,
          "N" : 0
        },
        "lat_ns" : {
          "min" : 0,
          "max" : 0,
          "mean" : 0.000000,
          "stddev" : 0.000000,
          "N" : 0
        },
        "bw_min" : 0,
        "bw_max" : 0,
        "bw_agg" : 0.000000,
        "bw_mean" : 0.000000,
        "bw_dev" : 0.000000,
        "bw_samples" : 0,
        "iops_min" : 0,
        "iops_max" : 0,
        "iops_mean" : 0.000000,
        "iops_stddev" : 0.000000,
        "iops_samples" : 0
      },
      "write" : {
        "io_bytes" : 100663296,
        "io_kbytes" : 98304,
        "bw_bytes" : 10966695,
        "bw" : 10709,
        "iops" : 1338.707920,
        "runtime" : 9179,
        "total_ios" : 12288,
        "short_ios" : 0,
        "drop_ios" : 0,
        "slat_ns" : {
          "min" : 0,
          "max" : 0,
          "mean" : 0.000000,
          "stddev" : 0.000000,
          "N" : 0
        },
        "clat_ns" : {
          "min" : 21881,
          "max" : 2142118074,
          "mean" : 1950756.931966,
          "stddev" : 20237601.908697,
          "N" : 12288,
          "percentile" : {
            "1.000000" : 34048,
            "5.000000" : 49920,
            "10.000000" : 67072,
            "20.000000" : 98816,
            "30.000000" : 154624,
            "40.000000" : 1105920,
            "50.000000" : 1155072,
            "60.000000" : 1220608,
            "70.000000" : 1286144,
            "80.000000" : 1466368,
            "90.000000" : 2473984,
            "95.000000" : 4685824,
            "99.000000" : 20840448,
            "99.500000" : 34340864,
            "99.900000" : 91750400,
            "99.950000" : 113770496,
            "99.990000" : 246415360
          }
        },
        "lat_ns" : {
          "min" : 22042,
          "max" : 2142118836,
          "mean" : 1951289.317871,
          "stddev" : 20237609.390102,
          "N" : 12288
        },
        "bw_min" : 2589,
        "bw_max" : 59376,
        "bw_agg" : 100.000000,
        "bw_mean" : 13260.804762,
        "bw_dev" : 4472.327842,
        "bw_samples" : 43,
        "iops_min" : 323,
        "iops_max" : 7422,
        "iops_mean" : 1657.409524,
        "iops_stddev" : 559.075310,
        "iops_samples" : 43
      },
      "trim" : {
        "io_bytes" : 0,
        "io_kbytes" : 0,
        "bw_bytes" : 0,
        "bw" : 0,
        "iops" : 0.000000,
        "runtime" : 0,
        "total_ios" : 0,
        "short_ios" : 0,
        "drop_ios" : 0,
        "slat_ns" : {
          "min" : 0,
          "max" : 0,
          "mean" : 0.000000,
          "stddev" : 0.000000,
          "N" : 0
        },
        "clat_ns" : {
          "min" : 0,
          "max" : 0,
          "mean" : 0.000000,
          "stddev" : 0.000000,
          "N" : 0
        },
        "lat_ns" : {
          "min" : 0,
          "max" : 0,
          "mean" : 0.000000,
          "stddev" : 0.000000,
          "N" : 0
        },
        "bw_min" : 0,
        "bw_max" : 0,
        "bw_agg" : 0.000000,
        "bw_mean" : 0.000000,
        "bw_dev" : 0.000000,
        "bw_samples" : 0,
        "iops_min" : 0,
        "iops_max" : 0,
        "iops_mean" : 0.000000,
        "iops_stddev" : 0.000000,
        "iops_samples" : 0
      },
      "sync" : {
        "total_ios" : 0,
        "lat_ns" : {
          "min" : 0,
          "max" : 0,
          "mean" : 0.000000,
          "stddev" : 0.000000,
          "N" : 0
        }
      },
      "job_runtime" : 24026,
      "usr_cpu" : 0.432864,
      "sys_cpu" : 2.101890,
      "ctx" : 13952,
      "majf" : 0,
      "minf" : 29,
      "iodepth_level" : {
        "1" : 100.000000,
        "2" : 0.000000,
        "4" : 0.000000,
        "8" : 0.000000,
        "16" : 0.000000,
        "32" : 0.000000,
        ">=64" : 0.000000
      },
      "iodepth_submit" : {
        "0" : 0.000000,
        "4" : 100.000000,
        "8" : 0.000000,
        "16" : 0.000000,
        "32" : 0.000000,
        "64" : 0.000000,
        ">=64" : 0.000000
      },
      "iodepth_complete" : {
        "0" : 0.000000,
        "4" : 100.000000,
        "8" : 0.000000,
        "16" : 0.000000,
        "32" : 0.000000,
        "64" : 0.000000,
        ">=64" : 0.000000
      },
      "latency_ns" : {
        "2" : 0.000000,
        "4" : 0.000000,
        "10" : 0.000000,
        "20" : 0.000000,
        "50" : 0.000000,
        "100" : 0.000000,
        "250" : 0.000000,
        "500" : 0.000000,
        "750" : 0.000000,
        "1000" : 0.000000
      },
      "latency_us" : {
        "2" : 0.000000,
        "4" : 0.000000,
        "10" : 0.000000,
        "20" : 0.000000,
        "50" : 5.004883,
        "100" : 15.226237,
        "250" : 14.233398,
        "500" : 2.254232,
        "750" : 0.472005,
        "1000" : 0.349935
      },
      "latency_ms" : {
        "2" : 46.443685,
        "4" : 10.375977,
        "10" : 3.141276,
        "20" : 1.472982,
        "50" : 0.748698,
        "100" : 0.187174,
        "250" : 0.081380,
        "500" : 0.000000,
        "750" : 0.000000,
        "1000" : 0.000000,
        "2000" : 0.000000,
        ">=2000" : 0.010000
      },
      "latency_depth" : 1,
      "latency_target" : 0,
      "latency_percentile" : 100.000000,
      "latency_window" : 0
    }
  ]
}
