{
  "fio version" : "fio-3.33",
  "timestamp" : 1747516101,
  "timestamp_ms" : 1747516101914,
  "time" : "Sat May 17 23:08:21 2025",
  "jobs" : [
    {
      "jobname" : "randwrite_8k_run8",
      "groupid" : 0,
      "error" : 0,
      "eta" : 0,
      "elapsed" : 13,
      "job options" : {
        "name" : "randwrite_8k_run8",
        "rw" : "randwrite",
        "bs" : "8k",
        "size" : "32m",
        "numjobs" : "3",
        "directory" : "/mnt/juicefs",
        "group_reporting" : "1"
      },
      "read" : {
        "io_bytes" : 0,
        "io_kbytes" : 0,
        "bw_bytes" : 0,
        "bw" : 0,
        "iops" : 0.000000,
        "runtime" : 0,
        "total_ios" : 0,
        "short_ios" : 0,
        "drop_ios" : 0,
        "slat_ns" : {
          "min" : 0,
          "max" : 0,
          "mean" : 0.000000,
          "stddev" : 0.000000,
          "N" : 0
        },
        "clat_ns" : {
          "min" : 0,
          "max" : 0,
          "mean" : 0.000000,
          "stddev" : 0.000000,
          "N" : 0
        },
        "lat_ns" : {
          "min" : 0,
          "max" : 0,
          "mean" : 0.000000,
          "stddev" : 0.000000,
          "N" : 0
        },
        "bw_min" : 0,
        "bw_max" : 0,
        "bw_agg" : 0.000000,
        "bw_mean" : 0.000000,
        "bw_dev" : 0.000000,
        "bw_samples" : 0,
        "iops_min" : 0,
        "iops_max" : 0,
        "iops_mean" : 0.000000,
        "iops_stddev" : 0.000000,
        "iops_samples" : 0
      },
      "write" : {
        "io_bytes" : 100663296,
        "io_kbytes" : 98304,
        "bw_bytes" : 10760373,
        "bw" : 10508,
        "iops" : 1313.522181,
        "runtime" : 9355,
        "total_ios" : 12288,
        "short_ios" : 0,
        "drop_ios" : 0,
        "slat_ns" : {
          "min" : 0,
          "max" : 0,
          "mean" : 0.000000,
          "stddev" : 0.000000,
          "N" : 0
        },
        "clat_ns" : {
          "min" : 23815,
          "max" : 2094350299,
          "mean" : 2061115.090983,
          "stddev" : 24555649.251337,
          "N" : 12288,
          "percentile" : {
            "1.000000" : 33024,
            "5.000000" : 49408,
            "10.000000" : 67072,
            "20.000000" : 97792,
            "30.000000" : 150528,
            "40.000000" : 1105920,
            "50.000000" : 1155072,
            "60.000000" : 1204224,
            "70.000000" : 1269760,
            "80.000000" : 1384448,
            "90.000000" : 2342912,
            "95.000000" : 4014080,
            "99.000000" : 20316160,
            "99.500000" : 39059456,
            "99.900000" : 125304832,
            "99.950000" : 166723584,
            "99.990000" : 1568669696
          }
        },
        "lat_ns" : {
          "min" : 23946,
          "max" : 2094350910,
          "mean" : 2061806.964762,
          "stddev" : 24555648.184294,
          "N" : 12288
        },
        "bw_min" : 1551,
        "bw_max" : 57216,
        "bw_agg" : 100.000000,
        "bw_mean" : 12590.085714,
        "bw_dev" : 4335.796249,
        "bw_samples" : 44,
        "iops_min" : 193,
        "iops_max" : 7152,
        "iops_mean" : 1573.495238,
        "iops_stddev" : 542.027494,
        "iops_samples" : 44
      },
      "trim" : {
        "io_bytes" : 0,
        "io_kbytes" : 0,
        "bw_bytes" : 0,
        "bw" : 0,
        "iops" : 0.000000,
        "runtime" : 0,
        "total_ios" : 0,
        "short_ios" : 0,
        "drop_ios" : 0,
        "slat_ns" : {
          "min" : 0,
          "max" : 0,
          "mean" : 0.000000,
          "stddev" : 0.000000,
          "N" : 0
        },
        "clat_ns" : {
          "min" : 0,
          "max" : 0,
          "mean" : 0.000000,
          "stddev" : 0.000000,
          "N" : 0
        },
        "lat_ns" : {
          "min" : 0,
          "max" : 0,
          "mean" : 0.000000,
          "stddev" : 0.000000,
          "N" : 0
        },
        "bw_min" : 0,
        "bw_max" : 0,
        "bw_agg" : 0.000000,
        "bw_mean" : 0.000000,
        "bw_dev" : 0.000000,
        "bw_samples" : 0,
        "iops_min" : 0,
        "iops_max" : 0,
        "iops_mean" : 0.000000,
        "iops_stddev" : 0.000000,
        "iops_samples" : 0
      },
      "sync" : {
        "total_ios" : 0,
        "lat_ns" : {
          "min" : 0,
          "max" : 0,
          "mean" : 0.000000,
          "stddev" : 0.000000,
          "N" : 0
        }
      },
      "job_runtime" : 25384,
      "usr_cpu" : 0.390009,
      "sys_cpu" : 2.048535,
      "ctx" : 13711,
      "majf" : 0,
      "minf" : 32,
      "iodepth_level" : {
        "1" : 100.000000,
        "2" : 0.000000,
        "4" : 0.000000,
        "8" : 0.000000,
        "16" : 0.000000,
        "32" : 0.000000,
        ">=64" : 0.000000
      },
      "iodepth_submit" : {
        "0" : 0.000000,
        "4" : 100.000000,
        "8" : 0.000000,
        "16" : 0.000000,
        "32" : 0.000000,
        "64" : 0.000000,
        ">=64" : 0.000000
      },
      "iodepth_complete" : {
        "0" : 0.000000,
        "4" : 100.000000,
        "8" : 0.000000,
        "16" : 0.000000,
        "32" : 0.000000,
        "64" : 0.000000,
        ">=64" : 0.000000
      },
      "latency_ns" : {
        "2" : 0.000000,
        "4" : 0.000000,
        "10" : 0.000000,
        "20" : 0.000000,
        "50" : 0.000000,
        "100" : 0.000000,
        "250" : 0.000000,
        "500" : 0.000000,
        "750" : 0.000000,
        "1000" : 0.000000
      },
      "latency_us" : {
        "2" : 0.000000,
        "4" : 0.000000,
        "10" : 0.000000,
        "20" : 0.000000,
        "50" : 5.078125,
        "100" : 15.641276,
        "250" : 14.754232,
        "500" : 2.221680,
        "750" : 0.651042,
        "1000" : 0.415039
      },
      "latency_ms" : {
        "2" : 47.420247,
        "4" : 8.821615,
        "10" : 2.832031,
        "20" : 1.147461,
        "50" : 0.642904,
        "100" : 0.244141,
        "250" : 0.113932,
        "500" : 0.000000,
        "750" : 0.000000,
        "1000" : 0.000000,
        "2000" : 0.010000,
        ">=2000" : 0.010000
      },
      "latency_depth" : 1,
      "latency_target" : 0,
      "latency_percentile" : 100.000000,
      "latency_window" : 0
    }
  ]
}
