{
  "fio version" : "fio-3.33",
  "timestamp" : 1747516063,
  "timestamp_ms" : 1747516063599,
  "time" : "Sat May 17 23:07:43 2025",
  "jobs" : [
    {
      "jobname" : "randwrite_8k_run5",
      "groupid" : 0,
      "error" : 0,
      "eta" : 0,
      "elapsed" : 11,
      "job options" : {
        "name" : "randwrite_8k_run5",
        "rw" : "randwrite",
        "bs" : "8k",
        "size" : "32m",
        "numjobs" : "3",
        "directory" : "/mnt/juicefs",
        "group_reporting" : "1"
      },
      "read" : {
        "io_bytes" : 0,
        "io_kbytes" : 0,
        "bw_bytes" : 0,
        "bw" : 0,
        "iops" : 0.000000,
        "runtime" : 0,
        "total_ios" : 0,
        "short_ios" : 0,
        "drop_ios" : 0,
        "slat_ns" : {
          "min" : 0,
          "max" : 0,
          "mean" : 0.000000,
          "stddev" : 0.000000,
          "N" : 0
        },
        "clat_ns" : {
          "min" : 0,
          "max" : 0,
          "mean" : 0.000000,
          "stddev" : 0.000000,
          "N" : 0
        },
        "lat_ns" : {
          "min" : 0,
          "max" : 0,
          "mean" : 0.000000,
          "stddev" : 0.000000,
          "N" : 0
        },
        "bw_min" : 0,
        "bw_max" : 0,
        "bw_agg" : 0.000000,
        "bw_mean" : 0.000000,
        "bw_dev" : 0.000000,
        "bw_samples" : 0,
        "iops_min" : 0,
        "iops_max" : 0,
        "iops_mean" : 0.000000,
        "iops_stddev" : 0.000000,
        "iops_samples" : 0
      },
      "write" : {
        "io_bytes" : 100663296,
        "io_kbytes" : 98304,
        "bw_bytes" : 12622356,
        "bw" : 12326,
        "iops" : 1540.815047,
        "runtime" : 7975,
        "total_ios" : 12288,
        "short_ios" : 0,
        "drop_ios" : 0,
        "slat_ns" : {
          "min" : 0,
          "max" : 0,
          "mean" : 0.000000,
          "stddev" : 0.000000,
          "N" : 0
        },
        "clat_ns" : {
          "min" : 18374,
          "max" : 1136904718,
          "mean" : 1803431.956706,
          "stddev" : 12108542.585624,
          "N" : 12288,
          "percentile" : {
            "1.000000" : 37120,
            "5.000000" : 56064,
            "10.000000" : 71168,
            "20.000000" : 100864,
            "30.000000" : 158720,
            "40.000000" : 1105920,
            "50.000000" : 1155072,
            "60.000000" : 1220608,
            "70.000000" : 1286144,
            "80.000000" : 1515520,
            "90.000000" : 2572288,
            "95.000000" : 4947968,
            "99.000000" : 16449536,
            "99.500000" : 23724032,
            "99.900000" : 72876032,
            "99.950000" : 181403648,
            "99.990000" : 287309824
          }
        },
        "lat_ns" : {
          "min" : 18454,
          "max" : 1136905609,
          "mean" : 1804050.548991,
          "stddev" : 12108556.859853,
          "N" : 12288
        },
        "bw_min" : 3392,
        "bw_max" : 59368,
        "bw_agg" : 100.000000,
        "bw_mean" : 13940.450549,
        "bw_dev" : 4551.646367,
        "bw_samples" : 40,
        "iops_min" : 424,
        "iops_max" : 7421,
        "iops_mean" : 1742.434066,
        "iops_stddev" : 568.966518,
        "iops_samples" : 40
      },
      "trim" : {
        "io_bytes" : 0,
        "io_kbytes" : 0,
        "bw_bytes" : 0,
        "bw" : 0,
        "iops" : 0.000000,
        "runtime" : 0,
        "total_ios" : 0,
        "short_ios" : 0,
        "drop_ios" : 0,
        "slat_ns" : {
          "min" : 0,
          "max" : 0,
          "mean" : 0.000000,
          "stddev" : 0.000000,
          "N" : 0
        },
        "clat_ns" : {
          "min" : 0,
          "max" : 0,
          "mean" : 0.000000,
          "stddev" : 0.000000,
          "N" : 0
        },
        "lat_ns" : {
          "min" : 0,
          "max" : 0,
          "mean" : 0.000000,
          "stddev" : 0.000000,
          "N" : 0
        },
        "bw_min" : 0,
        "bw_max" : 0,
        "bw_agg" : 0.000000,
        "bw_mean" : 0.000000,
        "bw_dev" : 0.000000,
        "bw_samples" : 0,
        "iops_min" : 0,
        "iops_max" : 0,
        "iops_mean" : 0.000000,
        "iops_stddev" : 0.000000,
        "iops_samples" : 0
      },
      "sync" : {
        "total_ios" : 0,
        "lat_ns" : {
          "min" : 0,
          "max" : 0,
          "mean" : 0.000000,
          "stddev" : 0.000000,
          "N" : 0
        }
      },
      "job_runtime" : 22217,
      "usr_cpu" : 0.441104,
      "sys_cpu" : 2.376558,
      "ctx" : 14363,
      "majf" : 0,
      "minf" : 27,
      "iodepth_level" : {
        "1" : 100.000000,
        "2" : 0.000000,
        "4" : 0.000000,
        "8" : 0.000000,
        "16" : 0.000000,
        "32" : 0.000000,
        ">=64" : 0.000000
      },
      "iodepth_submit" : {
        "0" : 0.000000,
        "4" : 100.000000,
        "8" : 0.000000,
        "16" : 0.000000,
        "32" : 0.000000,
        "64" : 0.000000,
        ">=64" : 0.000000
      },
      "iodepth_complete" : {
        "0" : 0.000000,
        "4" : 100.000000,
        "8" : 0.000000,
        "16" : 0.000000,
        "32" : 0.000000,
        "64" : 0.000000,
        ">=64" : 0.000000
      },
      "latency_ns" : {
        "2" : 0.000000,
        "4" : 0.000000,
        "10" : 0.000000,
        "20" : 0.000000,
        "50" : 0.000000,
        "100" : 0.000000,
        "250" : 0.000000,
        "500" : 0.000000,
        "750" : 0.000000,
        "1000" : 0.000000
      },
      "latency_us" : {
        "2" : 0.000000,
        "4" : 0.000000,
        "10" : 0.000000,
        "20" : 0.010000,
        "50" : 3.499349,
        "100" : 16.235352,
        "250" : 14.786784,
        "500" : 2.416992,
        "750" : 0.659180,
        "1000" : 0.309245
      },
      "latency_ms" : {
        "2" : 45.255534,
        "4" : 10.766602,
        "10" : 3.800456,
        "20" : 1.529948,
        "50" : 0.569661,
        "100" : 0.081380,
        "250" : 0.056966,
        "500" : 0.016276,
        "750" : 0.000000,
        "1000" : 0.000000,
        "2000" : 0.010000,
        ">=2000" : 0.000000
      },
      "latency_depth" : 1,
      "latency_target" : 0,
      "latency_percentile" : 100.000000,
      "latency_window" : 0
    }
  ]
}
