{
  "fio version" : "fio-3.33",
  "timestamp" : 1747516128,
  "timestamp_ms" : 1747516128282,
  "time" : "Sat May 17 23:08:48 2025",
  "jobs" : [
    {
      "jobname" : "randwrite_8k_run10",
      "groupid" : 0,
      "error" : 0,
      "eta" : 0,
      "elapsed" : 14,
      "job options" : {
        "name" : "randwrite_8k_run10",
        "rw" : "randwrite",
        "bs" : "8k",
        "size" : "32m",
        "numjobs" : "3",
        "directory" : "/mnt/juicefs",
        "group_reporting" : "1"
      },
      "read" : {
        "io_bytes" : 0,
        "io_kbytes" : 0,
        "bw_bytes" : 0,
        "bw" : 0,
        "iops" : 0.000000,
        "runtime" : 0,
        "total_ios" : 0,
        "short_ios" : 0,
        "drop_ios" : 0,
        "slat_ns" : {
          "min" : 0,
          "max" : 0,
          "mean" : 0.000000,
          "stddev" : 0.000000,
          "N" : 0
        },
        "clat_ns" : {
          "min" : 0,
          "max" : 0,
          "mean" : 0.000000,
          "stddev" : 0.000000,
          "N" : 0
        },
        "lat_ns" : {
          "min" : 0,
          "max" : 0,
          "mean" : 0.000000,
          "stddev" : 0.000000,
          "N" : 0
        },
        "bw_min" : 0,
        "bw_max" : 0,
        "bw_agg" : 0.000000,
        "bw_mean" : 0.000000,
        "bw_dev" : 0.000000,
        "bw_samples" : 0,
        "iops_min" : 0,
        "iops_max" : 0,
        "iops_mean" : 0.000000,
        "iops_stddev" : 0.000000,
        "iops_samples" : 0
      },
      "write" : {
        "io_bytes" : 100663296,
        "io_kbytes" : 98304,
        "bw_bytes" : 10655583,
        "bw" : 10405,
        "iops" : 1300.730391,
        "runtime" : 9447,
        "total_ios" : 12288,
        "short_ios" : 0,
        "drop_ios" : 0,
        "slat_ns" : {
          "min" : 0,
          "max" : 0,
          "mean" : 0.000000,
          "stddev" : 0.000000,
          "N" : 0
        },
        "clat_ns" : {
          "min" : 19246,
          "max" : 1361532352,
          "mean" : 2227282.476074,
          "stddev" : 14374226.746260,
          "N" : 12288,
          "percentile" : {
            "1.000000" : 39168,
            "5.000000" : 57088,
            "10.000000" : 71168,
            "20.000000" : 98816,
            "30.000000" : 150528,
            "40.000000" : 1105920,
            "50.000000" : 1171456,
            "60.000000" : 1220608,
            "70.000000" : 1286144,
            "80.000000" : 1548288,
            "90.000000" : 2899968,
            "95.000000" : 7241728,
            "99.000000" : 26083328,
            "99.500000" : 41680896,
            "99.900000" : 129499136,
            "99.950000" : 162529280,
            "99.990000" : 229638144
          }
        },
        "lat_ns" : {
          "min" : 19467,
          "max" : 1361532773,
          "mean" : 2227885.069580,
          "stddev" : 14374242.518252,
          "N" : 12288
        },
        "bw_min" : 879,
        "bw_max" : 49308,
        "bw_agg" : 100.000000,
        "bw_mean" : 10885.918301,
        "bw_dev" : 3462.578091,
        "bw_samples" : 52,
        "iops_min" : 109,
        "iops_max" : 6161,
        "iops_mean" : 1360.254902,
        "iops_stddev" : 432.673087,
        "iops_samples" : 52
      },
      "trim" : {
        "io_bytes" : 0,
        "io_kbytes" : 0,
        "bw_bytes" : 0,
        "bw" : 0,
        "iops" : 0.000000,
        "runtime" : 0,
        "total_ios" : 0,
        "short_ios" : 0,
        "drop_ios" : 0,
        "slat_ns" : {
          "min" : 0,
          "max" : 0,
          "mean" : 0.000000,
          "stddev" : 0.000000,
          "N" : 0
        },
        "clat_ns" : {
          "min" : 0,
          "max" : 0,
          "mean" : 0.000000,
          "stddev" : 0.000000,
          "N" : 0
        },
        "lat_ns" : {
          "min" : 0,
          "max" : 0,
          "mean" : 0.000000,
          "stddev" : 0.000000,
          "N" : 0
        },
        "bw_min" : 0,
        "bw_max" : 0,
        "bw_agg" : 0.000000,
        "bw_mean" : 0.000000,
        "bw_dev" : 0.000000,
        "bw_samples" : 0,
        "iops_min" : 0,
        "iops_max" : 0,
        "iops_mean" : 0.000000,
        "iops_stddev" : 0.000000,
        "iops_samples" : 0
      },
      "sync" : {
        "total_ios" : 0,
        "lat_ns" : {
          "min" : 0,
          "max" : 0,
          "mean" : 0.000000,
          "stddev" : 0.000000,
          "N" : 0
        }
      },
      "job_runtime" : 27426,
      "usr_cpu" : 0.306279,
      "sys_cpu" : 1.950704,
      "ctx" : 13871,
      "majf" : 0,
      "minf" : 29,
      "iodepth_level" : {
        "1" : 100.000000,
        "2" : 0.000000,
        "4" : 0.000000,
        "8" : 0.000000,
        "16" : 0.000000,
        "32" : 0.000000,
        ">=64" : 0.000000
      },
      "iodepth_submit" : {
        "0" : 0.000000,
        "4" : 100.000000,
        "8" : 0.000000,
        "16" : 0.000000,
        "32" : 0.000000,
        "64" : 0.000000,
        ">=64" : 0.000000
      },
      "iodepth_complete" : {
        "0" : 0.000000,
        "4" : 100.000000,
        "8" : 0.000000,
        "16" : 0.000000,
        "32" : 0.000000,
        "64" : 0.000000,
        ">=64" : 0.000000
      },
      "latency_ns" : {
        "2" : 0.000000,
        "4" : 0.000000,
        "10" : 0.000000,
        "20" : 0.000000,
        "50" : 0.000000,
        "100" : 0.000000,
        "250" : 0.000000,
        "500" : 0.000000,
        "750" : 0.000000,
        "1000" : 0.000000
      },
      "latency_us" : {
        "2" : 0.000000,
        "4" : 0.000000,
        "10" : 0.000000,
        "20" : 0.010000,
        "50" : 3.238932,
        "100" : 17.097982,
        "250" : 14.819336,
        "500" : 1.888021,
        "750" : 0.488281,
        "1000" : 0.227865
      },
      "latency_ms" : {
        "2" : 44.514974,
        "4" : 10.091146,
        "10" : 3.914388,
        "20" : 2.262370,
        "50" : 1.049805,
        "100" : 0.268555,
        "250" : 0.122070,
        "500" : 0.000000,
        "750" : 0.000000,
        "1000" : 0.000000,
        "2000" : 0.010000,
        ">=2000" : 0.000000
      },
      "latency_depth" : 1,
      "latency_target" : 0,
      "latency_percentile" : 100.000000,
      "latency_window" : 0
    }
  ]
}
