{
  "fio version" : "fio-3.33",
  "timestamp" : 1747516052,
  "timestamp_ms" : 1747516052564,
  "time" : "Sat May 17 23:07:32 2025",
  "jobs" : [
    {
      "jobname" : "randwrite_8k_run4",
      "groupid" : 0,
      "error" : 0,
      "eta" : 0,
      "elapsed" : 14,
      "job options" : {
        "name" : "randwrite_8k_run4",
        "rw" : "randwrite",
        "bs" : "8k",
        "size" : "32m",
        "numjobs" : "3",
        "directory" : "/mnt/juicefs",
        "group_reporting" : "1"
      },
      "read" : {
        "io_bytes" : 0,
        "io_kbytes" : 0,
        "bw_bytes" : 0,
        "bw" : 0,
        "iops" : 0.000000,
        "runtime" : 0,
        "total_ios" : 0,
        "short_ios" : 0,
        "drop_ios" : 0,
        "slat_ns" : {
          "min" : 0,
          "max" : 0,
          "mean" : 0.000000,
          "stddev" : 0.000000,
          "N" : 0
        },
        "clat_ns" : {
          "min" : 0,
          "max" : 0,
          "mean" : 0.000000,
          "stddev" : 0.000000,
          "N" : 0
        },
        "lat_ns" : {
          "min" : 0,
          "max" : 0,
          "mean" : 0.000000,
          "stddev" : 0.000000,
          "N" : 0
        },
        "bw_min" : 0,
        "bw_max" : 0,
        "bw_agg" : 0.000000,
        "bw_mean" : 0.000000,
        "bw_dev" : 0.000000,
        "bw_samples" : 0,
        "iops_min" : 0,
        "iops_max" : 0,
        "iops_mean" : 0.000000,
        "iops_stddev" : 0.000000,
        "iops_samples" : 0
      },
      "write" : {
        "io_bytes" : 100663296,
        "io_kbytes" : 98304,
        "bw_bytes" : 9447517,
        "bw" : 9226,
        "iops" : 1153.261380,
        "runtime" : 10655,
        "total_ios" : 12288,
        "short_ios" : 0,
        "drop_ios" : 0,
        "slat_ns" : {
          "min" : 0,
          "max" : 0,
          "mean" : 0.000000,
          "stddev" : 0.000000,
          "N" : 0
        },
        "clat_ns" : {
          "min" : 22713,
          "max" : 3291821973,
          "mean" : 2285558.608805,
          "stddev" : 37043252.843745,
          "N" : 12288,
          "percentile" : {
            "1.000000" : 30080,
            "5.000000" : 45824,
            "10.000000" : 63232,
            "20.000000" : 96768,
            "30.000000" : 156672,
            "40.000000" : 1105920,
            "50.000000" : 1155072,
            "60.000000" : 1204224,
            "70.000000" : 1269760,
            "80.000000" : 1433600,
            "90.000000" : 2506752,
            "95.000000" : 5079040,
            "99.000000" : 21626880,
            "99.500000" : 35389440,
            "99.900000" : 137363456,
            "99.950000" : 164626432,
            "99.990000" : 2332033024
          }
        },
        "lat_ns" : {
          "min" : 22854,
          "max" : 3291822534,
          "mean" : 2286374.802979,
          "stddev" : 37043269.808664,
          "N" : 12288
        },
        "bw_min" : 2368,
        "bw_max" : 55040,
        "bw_agg" : 100.000000,
        "bw_mean" : 12618.933333,
        "bw_dev" : 4021.079725,
        "bw_samples" : 45,
        "iops_min" : 296,
        "iops_max" : 6880,
        "iops_mean" : 1577.266667,
        "iops_stddev" : 502.638436,
        "iops_samples" : 45
      },
      "trim" : {
        "io_bytes" : 0,
        "io_kbytes" : 0,
        "bw_bytes" : 0,
        "bw" : 0,
        "iops" : 0.000000,
        "runtime" : 0,
        "total_ios" : 0,
        "short_ios" : 0,
        "drop_ios" : 0,
        "slat_ns" : {
          "min" : 0,
          "max" : 0,
          "mean" : 0.000000,
          "stddev" : 0.000000,
          "N" : 0
        },
        "clat_ns" : {
          "min" : 0,
          "max" : 0,
          "mean" : 0.000000,
          "stddev" : 0.000000,
          "N" : 0
        },
        "lat_ns" : {
          "min" : 0,
          "max" : 0,
          "mean" : 0.000000,
          "stddev" : 0.000000,
          "N" : 0
        },
        "bw_min" : 0,
        "bw_max" : 0,
        "bw_agg" : 0.000000,
        "bw_mean" : 0.000000,
        "bw_dev" : 0.000000,
        "bw_samples" : 0,
        "iops_min" : 0,
        "iops_max" : 0,
        "iops_mean" : 0.000000,
        "iops_stddev" : 0.000000,
        "iops_samples" : 0
      },
      "sync" : {
        "total_ios" : 0,
        "lat_ns" : {
          "min" : 0,
          "max" : 0,
          "mean" : 0.000000,
          "stddev" : 0.000000,
          "N" : 0
        }
      },
      "job_runtime" : 28175,
      "usr_cpu" : 0.429459,
      "sys_cpu" : 1.856256,
      "ctx" : 13751,
      "majf" : 0,
      "minf" : 27,
      "iodepth_level" : {
        "1" : 100.000000,
        "2" : 0.000000,
        "4" : 0.000000,
        "8" : 0.000000,
        "16" : 0.000000,
        "32" : 0.000000,
        ">=64" : 0.000000
      },
      "iodepth_submit" : {
        "0" : 0.000000,
        "4" : 100.000000,
        "8" : 0.000000,
        "16" : 0.000000,
        "32" : 0.000000,
        "64" : 0.000000,
        ">=64" : 0.000000
      },
      "iodepth_complete" : {
        "0" : 0.000000,
        "4" : 100.000000,
        "8" : 0.000000,
        "16" : 0.000000,
        "32" : 0.000000,
        "64" : 0.000000,
        ">=64" : 0.000000
      },
      "latency_ns" : {
        "2" : 0.000000,
        "4" : 0.000000,
        "10" : 0.000000,
        "20" : 0.000000,
        "50" : 0.000000,
        "100" : 0.000000,
        "250" : 0.000000,
        "500" : 0.000000,
        "750" : 0.000000,
        "1000" : 0.000000
      },
      "latency_us" : {
        "2" : 0.000000,
        "4" : 0.000000,
        "10" : 0.000000,
        "20" : 0.000000,
        "50" : 6.119792,
        "100" : 14.786784,
        "250" : 13.476562,
        "500" : 2.246094,
        "750" : 0.691732,
        "1000" : 0.333659
      },
      "latency_ms" : {
        "2" : 46.476237,
        "4" : 9.741211,
        "10" : 3.572591,
        "20" : 1.456706,
        "50" : 0.830078,
        "100" : 0.138346,
        "250" : 0.113932,
        "500" : 0.000000,
        "750" : 0.000000,
        "1000" : 0.000000,
        "2000" : 0.000000,
        ">=2000" : 0.016276
      },
      "latency_depth" : 1,
      "latency_target" : 0,
      "latency_percentile" : 100.000000,
      "latency_window" : 0
    }
  ]
}
