{
  "fio version" : "fio-3.33",
  "timestamp" : 1747516013,
  "timestamp_ms" : 1747516013972,
  "time" : "Sat May 17 23:06:53 2025",
  "jobs" : [
    {
      "jobname" : "randwrite_8k_run1",
      "groupid" : 0,
      "error" : 0,
      "eta" : 0,
      "elapsed" : 12,
      "job options" : {
        "name" : "randwrite_8k_run1",
        "rw" : "randwrite",
        "bs" : "8k",
        "size" : "32m",
        "numjobs" : "3",
        "directory" : "/mnt/juicefs",
        "group_reporting" : "1"
      },
      "read" : {
        "io_bytes" : 0,
        "io_kbytes" : 0,
        "bw_bytes" : 0,
        "bw" : 0,
        "iops" : 0.000000,
        "runtime" : 0,
        "total_ios" : 0,
        "short_ios" : 0,
        "drop_ios" : 0,
        "slat_ns" : {
          "min" : 0,
          "max" : 0,
          "mean" : 0.000000,
          "stddev" : 0.000000,
          "N" : 0
        },
        "clat_ns" : {
          "min" : 0,
          "max" : 0,
          "mean" : 0.000000,
          "stddev" : 0.000000,
          "N" : 0
        },
        "lat_ns" : {
          "min" : 0,
          "max" : 0,
          "mean" : 0.000000,
          "stddev" : 0.000000,
          "N" : 0
        },
        "bw_min" : 0,
        "bw_max" : 0,
        "bw_agg" : 0.000000,
        "bw_mean" : 0.000000,
        "bw_dev" : 0.000000,
        "bw_samples" : 0,
        "iops_min" : 0,
        "iops_max" : 0,
        "iops_mean" : 0.000000,
        "iops_stddev" : 0.000000,
        "iops_samples" : 0
      },
      "write" : {
        "io_bytes" : 100663296,
        "io_kbytes" : 98304,
        "bw_bytes" : 12005163,
        "bw" : 11723,
        "iops" : 1465.474061,
        "runtime" : 8385,
        "total_ios" : 12288,
        "short_ios" : 0,
        "drop_ios" : 0,
        "slat_ns" : {
          "min" : 0,
          "max" : 0,
          "mean" : 0.000000,
          "stddev" : 0.000000,
          "N" : 0
        },
        "clat_ns" : {
          "min" : 26580,
          "max" : 1876625692,
          "mean" : 1856008.281087,
          "stddev" : 21563372.048757,
          "N" : 12288,
          "percentile" : {
            "1.000000" : 44800,
            "5.000000" : 69120,
            "10.000000" : 87552,
            "20.000000" : 121344,
            "30.000000" : 187392,
            "40.000000" : 1105920,
            "50.000000" : 1155072,
            "60.000000" : 1204224,
            "70.000000" : 1269760,
            "80.000000" : 1384448,
            "90.000000" : 2310144,
            "95.000000" : 3719168,
            "99.000000" : 18743296,
            "99.500000" : 28442624,
            "99.900000" : 74973184,
            "99.950000" : 131596288,
            "99.990000" : 1367343104
          }
        },
        "lat_ns" : {
          "min" : 26721,
          "max" : 1876626554,
          "mean" : 1856689.375488,
          "stddev" : 21563393.466516,
          "N" : 12288
        },
        "bw_min" : 3628,
        "bw_max" : 61367,
        "bw_agg" : 100.000000,
        "bw_mean" : 14326.615385,
        "bw_dev" : 4843.884538,
        "bw_samples" : 39,
        "iops_min" : 453,
        "iops_max" : 7670,
        "iops_mean" : 1790.307692,
        "iops_stddev" : 605.479865,
        "iops_samples" : 39
      },
      "trim" : {
        "io_bytes" : 0,
        "io_kbytes" : 0,
        "bw_bytes" : 0,
        "bw" : 0,
        "iops" : 0.000000,
        "runtime" : 0,
        "total_ios" : 0,
        "short_ios" : 0,
        "drop_ios" : 0,
        "slat_ns" : {
          "min" : 0,
          "max" : 0,
          "mean" : 0.000000,
          "stddev" : 0.000000,
          "N" : 0
        },
        "clat_ns" : {
          "min" : 0,
          "max" : 0,
          "mean" : 0.000000,
          "stddev" : 0.000000,
          "N" : 0
        },
        "lat_ns" : {
          "min" : 0,
          "max" : 0,
          "mean" : 0.000000,
          "stddev" : 0.000000,
          "N" : 0
        },
        "bw_min" : 0,
        "bw_max" : 0,
        "bw_agg" : 0.000000,
        "bw_mean" : 0.000000,
        "bw_dev" : 0.000000,
        "bw_samples" : 0,
        "iops_min" : 0,
        "iops_max" : 0,
        "iops_mean" : 0.000000,
        "iops_stddev" : 0.000000,
        "iops_samples" : 0
      },
      "sync" : {
        "total_ios" : 0,
        "lat_ns" : {
          "min" : 0,
          "max" : 0,
          "mean" : 0.000000,
          "stddev" : 0.000000,
          "N" : 0
        }
      },
      "job_runtime" : 22860,
      "usr_cpu" : 0.511811,
      "sys_cpu" : 2.331584,
      "ctx" : 14396,
      "majf" : 0,
      "minf" : 28,
      "iodepth_level" : {
        "1" : 100.000000,
        "2" : 0.000000,
        "4" : 0.000000,
        "8" : 0.000000,
        "16" : 0.000000,
        "32" : 0.000000,
        ">=64" : 0.000000
      },
      "iodepth_submit" : {
        "0" : 0.000000,
        "4" : 100.000000,
        "8" : 0.000000,
        "16" : 0.000000,
        "32" : 0.000000,
        "64" : 0.000000,
        ">=64" : 0.000000
      },
      "iodepth_complete" : {
        "0" : 0.000000,
        "4" : 100.000000,
        "8" : 0.000000,
        "16" : 0.000000,
        "32" : 0.000000,
        "64" : 0.000000,
        ">=64" : 0.000000
      },
      "latency_ns" : {
        "2" : 0.000000,
        "4" : 0.000000,
        "10" : 0.000000,
        "20" : 0.000000,
        "50" : 0.000000,
        "100" : 0.000000,
        "250" : 0.000000,
        "500" : 0.000000,
        "750" : 0.000000,
        "1000" : 0.000000
      },
      "latency_us" : {
        "2" : 0.000000,
        "4" : 0.000000,
        "10" : 0.000000,
        "20" : 0.000000,
        "50" : 1.416016,
        "100" : 12.670898,
        "250" : 19.270833,
        "500" : 3.507487,
        "750" : 0.854492,
        "1000" : 0.423177
      },
      "latency_ms" : {
        "2" : 48.413086,
        "4" : 8.756510,
        "10" : 2.628581,
        "20" : 1.163737,
        "50" : 0.675456,
        "100" : 0.146484,
        "250" : 0.056966,
        "500" : 0.000000,
        "750" : 0.000000,
        "1000" : 0.000000,
        "2000" : 0.016276,
        ">=2000" : 0.000000
      },
      "latency_depth" : 1,
      "latency_target" : 0,
      "latency_percentile" : 100.000000,
      "latency_window" : 0
    }
  ]
}
